페이지,별점,리뷰
1,5,"네이처 사무용의자를 첨에 받았을 때 내가 과연 잘 조립할 수 있을까 걱정했는데 이게 왠걸? 너무 쉬워 정말 거짓말 안하고 5분만에 했습니다 ^0^ 설명서에도 설명이 잘 되어 있어서 잠깐만 보고도 금방 조립이 되더라구요~ 따로 공구도 필요없이 그냥 끼우기만 하면 끝!! 아내도 벌써 다 조립했냐면서 바로 앉아보고는 디자인뿐만 아니라 넘 편하다고 칭찬받았어요~^_^ 택배박스에도 센스있게 ""아기처럼 소중히 다뤄주세요"" 라고 되어 있어서 안전하게 잘 도착했구요! 색상은 그린으로 했는데 화사하게 내부 인테리어랑 잘 맞아요! 전 갠적으로 이색 추천합니당! 주변이 밝아지는 느낌이에요~ 의자도 앉았을 때 천연라텍스로 푹신해서 오래 앉아도 편한느낌이 들고 허리랑 헤드레스트가 있어서 기대고 있으면 잠들 정도에요...ㅋㅋ 마감도 잘 되어 있고 흔들림도 없어요! 저희 회사 총무팀에서 이번에 노후 의자 교체하는데 넘 만족해서 여기 의자 추천했어요!! 다른 곳에 비해 넘 저렴해서 의문을 가질 수도 있는데 5만원대에 모든 편의기능을 갖춘 의자 찾으신다면 네이처 리얼라텍스 적극 추천합니당!"
1,5,"사무실 의자가 자꾸 소리도 나고 불편해져서 
 녹색창에서 컴퓨터 의자를 검색하다가 알게 되었다.... 상품평도 많고, 전반적으로 만족한다는 글이 많아 바로 구매하려다가 
 아무래도 가격을 생각하여 조금 더 저렴한 상품으로 
 눈을 돌렸는데... 디자인은 비슷하지만 볼트 구멍이 안 맞는다는 글과 
 딱 그 가격이라는 문구들이 자꾸 눈에 들어오자 역시, 메이드 인 코리아가 좋다는 생각!! 
거기에 요추 보호 기능성까지!! 그리하여 다시 ""마이홈 의자""를 다시 검색~ 베이직 보다가 스탠더드 
 스탠더드 보다가 역시 9cm의 리얼 라텍스로 
2개를 주문~후 다음날 도착 첫 번째 의자 설명서 한번 스캔 후 바로 조립~ 
솔직히 설명서도 필요 없는 것 같다. 두 번째 의자 허리 지지대 조립을 하는데 
 볼트가 계속 헛돈다 ㅡㅡ;; 
이거 뭐지 하고 첫 번째 의자 다시 탈거하여 
 손으로 만져보니 안에 잡아주는 너트가 빠진 듯... ㅜㅜ 바로 문의를 위하여 11거리 로그인하여 문의 글 
 남기려다가 다시 보니 휴대폰 번호가 있어 혹시 하고 
 전화하니 바로 받으신다. 상황 설명하니 바로 맞교환해주신다며 정말 
 다음날 등받이 도착~ 지금 새 의자 조립하여 앉아서 글 쓰는 중^^ 
배송도 빠르고, 의자 질감 만족! 내구성은 써봐야 알 것 같고 
 다음 업그레이드 버전에는 허벅지가 닿는 의자 바닥면이 
 살짝 올라가면 좋겠다는 생각이 든다. 지금도 불편하진 않지만 그러면 더 편할 것 같은 생각 
#마이홈의자#사무실의자#"
1,5,총알배송이네여. 화요일 주문햐그 목요일에 받았네요 택배기사님 친절하셔서 감사했어요 아 생각보다 택배박스 부피가 엄청커요. 음 조립은 십분? 제가 똥손이라ㅎㅎ 맨손으로 조립가능해서 좋앗어요 그리고 하루종일 사무실에 앉아만있는데 이의자는 자동적으로 허리를 필수밖에 없네요ㅋㅋ자세교정될듯 발다닥이 땅에 온전히 닿아서 넘나 편해여. 이제 허리좀 곧곧이 피고 바른자세로 있어야 겟어요
1,5,원래 비싸더라도 좋은브랜드 사려고햇엇는데 요의자 저렴하고 평도 좋고 많이들 사셔서 혹시나 해서 사？f어요 배송은 좀 느렷어요 일주일걸렷나.. 큰박스에 왓고 조립은 정말 쉽고 금방해요.앉아보니 왜평이 좋앗나 알거같아요. 너무맘에들어요 등받이가 잇어서 따로 허리쿠션안해도 되고 160센티키여자는 아빠다리하고 앉을수도 잇네요 ㅎㅎ 오래앉아 잇어도 허리도 너무편하네요.
1,3,일단 배송이 빨라서 좋았습니다. 물건도 괜찮은거 같구요. 아쉬운점은 물건을 보니 부숴진게 하나 보이고.. 바닥부분에 긁힘이 좀 보이네요.. 사진상으론 잘 안나오지만.. 사용감으로 느껴질 정도의 스크래치가 좀 있었습니다.. 누가 환불한 물건인지.... 급해서 그냥 씁니다.. 부숴진 부품하나 보내주실 수 있음 보내주세요..
1,5,조립도 쉽고 의자도 편합니다. 가격대비 대만족합니다. 공구 없이 맨손으로도 조립할 수 있어서 더 좋습니다. 오발이 플라스틱이라 내구성이 어떨지는 써봐야 알겠으나 저가제품의 경우 스틸오발도 휘어지는 경험을 했기에 내구성있게 만들어졌으면 플라스틱이 오히려 나을수 있겠다는 생각도 해봅니다. 암튼 만족합니다.
1,3,가격대비는 좋은듯하나 제품의 마감이 조금 별로네요 까진부분도 있고 등쪽 부품은 모서리부분이 만들어지다 기포방울이 생긴건지 구멍이 여러개있더라구요 포장이 조금 충격 완하게 되게끔 해주시면 좋겠네요 집어던져저서 그런가 상자가 많이 찌그러져있더라구요 그래도 조립도 쉽고 의자 쿠션도 8cm로 했는데 만족이네요
1,4,내게 딱 필요한 기능만 포함해서 구매할 수 있어서 좋았고 조립 간편했고 내구성은 나름 튼튼한것 같고 일단 편안하고 포장에 충전재만 포함된다면 더 할 나위없겠네요
1,3,가격만 보고 사는 의자여! 가격치고는 트튼하고 간단하게 슬 수 있어. 가성비가 좋은거지. 자취생들 의자없을때 쓰는 그런거야. 오래쓸만큼 튼튼하고 재질도 나쁘지 않아. 하지만 의자는 비싸고 좋은게 쓰는게 맞다. 돈 있으면 시디즈써라.
1,1,재질.마감.내구성은 보통 입니다. 문제는 기능이.. 의자 높이가 찔끔 조절됩니다.. 그래서 벼개깔고 앉아요 머리받침대는 구지 없어도 될듯 싶네요
2,5,배송도 빠르고 가격대비 너무좋아요 등받이 쿠션은 성인한테는좋은데 12살 딸아이는 아직은 불편한가보더라구요 그것빼고는 다 만족합니다
2,4,"배송은 주문한 다음 날 도착 상품의 상태는 특별한 이상없이 양호 설치는 꼽기만 하면 됨 설명서가 괜히 더 헷갈림 앉아보니 매우 편한 건 아니지만, 저령한 가격에 쓸만하지만 좌우로 너무 쉽게 돌아가네요"
2,3,배송은 빠른데 비닐이 뜯겨있구 설명서도 찢겨있어서 그래서 누가 반품한건가 싶기도 한데 그냥 사용할게요 푹신하기는 합니다
2,5,가격대비 대만족합니다. 의자편하고 조립도 도구 필요없이 맨손으로 가능해서 좋습니다. 볼트조여야 하는 부분은 공장에서 미리 조립되어서 출고되니 편하네요. 빠른배송도 만족합니다.
2,3,등받이가 너무 약합니다 특히 등판이 좌우로 잘 못버텨요 6시방향은 버티는데 5시 7시 방향으로 젖히면 버티는 힘이 별로없어요 ㅠㅠ
2,4,여름에 사용하기 시원하고 디자인 깔끔하고 싼 가격이라 불편하지 않을까 걱정햇는데 전에 쓰던 의자에 비해 불편함도 없고
2,5,조립 완전 쉽구요 2분걸린듯? 생각했던거보다 의자 훨씬 조아요 쿠션도 푹신하고 등받이도 편해요 대만족입니다~~ 꼭사세요!
2,3,가격다운 품질이군요 검품도 엉망이고요 허리가 배기고 각부분연결이 나사 한개로 다 되어있어서 자주 조여줘야함
2,5,의자 조립이 간단하고 쉬워서 좋았어요. 편하고 좋네요. 가격대비 괜찮은 상품인 것 같습니다~
2,5,그린색으로 샀다가 의자 넘넘 좋아서 핑크로 하나 더 샀어요 이번엔 조립 몇초만에 뚝딱했네요ㅋㅋㅋ 강추해요~~ 꼭사세요!
3,1,오프라인 의자 대비 반값이라 샀건만.. 의자 균형도 안맞고 불편하네요. 하루종일 앉아있어야하는데... 돈버렸네요ㅡㅡ 등받이도 뒤로 많이 재껴져있고..
3,4,배송이 하루도 안되서 완료^^ 플라스틱이 부러질까 걱정스럽기는 한데 편하다고하네요... 오래쓰면 좋겠어요~
3,5,가성비 어느 것 과도 비교 할 수 없을 정도로 대단하네요. 조립도 엄청 쉽고 튼튼하네요 추천합니다.
3,5,가성비 굿. 조립도 뭐 간단하네요. 마감이 좀 거칠긴하지만 쓰는데 지장은 없습니다. 잘 써볼게요~
3,5,이가격에 이정도면 만족합니다 조립도 쉽고 관건은 얼마만에 덜렁거리느냐인데
3,4,상품 만족합니다 깔끔하고 좋네요 가격은 싼데 싸보이지 않고 의자도 편해요
3,5,시중가의 절반가격으로 구매했습니다. 착석감도 아주 뛰어나고 디자인도 잘 빠졌네요..
3,5,조립도 어렵지 않고 내구성도 좋은 듯 합니다. 추후 필요시에 추가 구매 고려 중입니다.
3,4,가격에 맞는 수준이예요! 싸고 좋은 것 찾은 것이었는데 딱 그 정도입니다. 잘 써야죠!
3,5,만족합니다. 설치도 아주 쉽고 좋네요.. 의자 없이 지내다 쓰니 굉장히 좋은 느낌이 많네요.
4,5,배송도 빠르고 조립도 손 쉽게 할 수 있어서 좋아요 만족합니더
4,5,배송빠르고 저렴한거에 비해 튼튼하고 조립도 쉬워서 좋네요
4,5,싸고 좋아요. 근데 오래 앉아 있기에는 조금 불편한 감이 있네요. 싸고 좋은 제품 감사합니다.
4,4,지인께 선물했는데 조립도쉽고 튼튼하고 편하다고 하네요
4,4,배송완전 빠르고요 조립하긴 쉬웠는데 맞게 하건지@ 상품은 좋네요^^
4,5,좋은 상품 잘받아 사용합니다 많이 팔고 번창하세요
4,4,아이공부방에 놔주려고 샀는데 가격대비 좋습니다! 아이가 편하다고 하네요~~^^ 번창하세요~~^^
4,3,가격대 가성비는 좋은듯요 ㅎ 막쓰실라면 추천합니다
4,5,생각보다 앉아보니 꽤 편안합니다. 왜 1위한지 알것같네요.
4,4,뒤로 젓히면 좀 삐걱거리지만 가성비는 좋아요
5,5,잘받았습니다 배송 빠르네요 설치도 간단하구요
5,5,조립두 간편하고 아이들 막쓰기엔 좋은것같아여
5,4,조립은 정말 금방했고제품도 그럭저럭 괜찮네요
5,5,조금 불안하지만 조립 간편하고 사용 문제 없어요~
5,3,고장나기 쉬울듯하네요 내구성이 많이 약함
5,5,배송도 완전빠르고 제품도 가격대비 좋아요
5,5,조립하기도쉽고 일단은 튼튼해보이네요 많이파세요
5,3,조립은 쉽고요 그냥 딱 무난한 의자네요
5,3,블루밍]18년형 IPX-500 방수 비데 마사지 좌욕 세정
5,5,중학생 아이의자 좋아요 편하고 색상 디자인 다 좋네요~~~~
6,5,좋은 제품 저렴하게 잘 삿네요! 배송도 빨라요!
6,5,빠른배송 깔끔한디자인 ?조립도 혼자했어요? 쉽네요?
6,4,제품 조립도 쉽고 문안하니 좋네요
6,5,만족스러운 의자입니다! 편안하고 안정감 있고요~~!!
6,4,꼼꼼한성격인데 이정도의 품질이면 아주대만족!!!
6,5,배송도 만족하고 상품도 좋네요
6,4,조립은참편한데 매쉬도튼튼한듯싶은데 내가궁디가큰건지 의자가조금작은듯비좁게느껴짐
6,4,가격대에 보다 튼튼하고 너무편해요!
6,4,조립도 쉽고 가벼워서 좋네요
6,5,가성비최오네요 저렴하게 잘구매했어요
7,4,여자인데도 금방 조립했어요:-) 매우만족합니다
7,4,배송도 빠르고 조립도 매우 쉬웠어요~~~
7,5,넘나 마른 배송이고 좋은데
7,4,판매1위 무료반품 컴퓨터/책상/학생/사무용의자
7,4,편하고 좋네요 빨리받았어요
7,4,조립이 생각보다 쉽습니다.
7,5,안정적이고좋아요 가성비？오
7,5,조립쉽고 깔끔해요 좋아요
7,4,가성비 지림
7,4,중저가 제품중에선 최상의 의자라고 생각합니다. 먼저 가장 중요한 뛰어난 가성비! 괜찮은 의자를 사려면 10만원을 훌쩍 넘어버립니다. 절반 가격에 그만한 성능을 내는 의자가 마이홈의자라고 생각합니다. 물론 비싸고 이름있는 의자가 더 좋겠지만 그에 준하는 제품이라 생각되네요. 두번째로는 편안함! 기존에 사용하던 의자가 오래되서 소리도 많이나고 허리가 아팠는데 이 의자는 굉장히 편하네요. 소리도 거의 없고 요추받이가 허리를 잘 지탱해줍니다. 마지막으론 조립성! 설명서 한 번보고 뚝딱하니 5분도 안되서 끝나더군요. 인터넷에서 주문하는 다른 의자들중 추가옵션으로 헤드나 요추받이를 선택했을 경우 조립이 복잡해지는데 이 제품은 대부분 조립이 된 상태로 도착해서 너무 쉬웠습니다. 여성분이나 아이들도 쉽게 조립할 수 있을듯합니다. 물론 아쉬운 점도 한 두가지있었습니다. 중저가 의자라 이해하지만 마감이 조금 아쉬웠습니다. 크게 거슬리는 부분은 없었지만요. 그리고 좌판이 라텍스인데 생각보단 푹신하지 않네요. 개인적으로 딱딱한 의자를 좋아해서 상관없습니다. 마지막으론 배송상태가 좀 많이 아쉽더군요. 무게가 꽤 나가는 제품인데 큰 박스에 테이프 한 번만 붙여져있더라구요. 택배가 도착했을때 박스가 완전히 열려있어서 파손됐거나 분실된건 아닌지 걱정했었습니다. 조금만 더 신경써주시면 좋을 것 같네요. 이상 그적거려봤습니다.
8,3,그럭저럭 쓸만한데 굳이 요추 등받이는 추가할 필요없을것 같네요 오히려 더 불편한듯...
8,5,"처음엔 좀 무겁다 느꼈지만 바닥 긁힘 전혀 없구요, 의자 쿠션 푹신하고 등받이 매쉬라서 여름에도 시원하게 앉을 수 있어요. 허리나 머리 보호대 쪽은 사실 소파처럼 아주 안락하거나 편안한 느낌은 아니지만 의자 위에서 삼시세끼 있을게 아니면 전혀 지장 없구, 분명히 가격 이상의 편안함을 제공하는 건 확실하네요. 뒤로 넘어가지만 않게 설계됐다면 자는 것도 충분히 가는했을 텐데요 ㅋㅋㅋ 디자인도 깔끔하고 이 정도 가성비 의자 확실히 쉽게 구할 순 없을 것 같아요. 만족합니다 ㅋㅋ 많이 파세요~"
8,5,조립은 쉬운데 프라스틱 제품이라서 받침대 내구성이 어쩔지 모르겠네요.
8,5,"허리가 아파 한의원에 돈을 갔다바치다가 20년전에 샀던 의자에 문제가 있음을 직시하고 바로 11번가 쿠폰을 소환하여 대한밍쿡에서 제일 저렴하게 샀습니다. 너무 저렴하게 매우 저렴하게 보이면 어쩌지 했는데 댓츠 노노. 꽤 튼튼합니다. 45도 등을 뒤로 기대도 넘어지지 않구요. 아빠다리 하고 다리를 올리고 앉아있어도 널찍한 구조입니다. 게다가 바뀌에 기름같은걸 끼얹었는지 막 슬라이딩 날려도 잘 굴러가네요. 예전 의자는 바퀴가 장식이여서 들척들척 해야했거든요. 색감도 안튀는 회색이라 오래써도 때도 안타고 질리지 않을 것 같습니다. 제일 중요한 등부분 요추 쿠션이 적당히 편해요. 집에 사실 더 좋은 요추 의자가 있는데 허리를 나무 곧게 세워줘서 어쩔 땐 답답한데 이건 허리를 자유롭게 해주 다가도 기대면 폭신한 편안함을 선사합니다. 한의원에 돈 나갈 바에 이번 기회에 구식 의자는 한쪽으로 몰아넣고 (전 재활용에 갖다뒀더니 1시간 뒤에 사라짐) 진짜 갠춘한 책상의자 꼭 구매하세요. 의자가 안좋으면 진짜 허리가 어르신들처럼 쑤시고, 아프면 또 신경질이 나고, 그리고 주변 사람들에게도 짜증 부리게 되고 집안 분위기도 험해집니다. 좋은 의자를 샀더니 집안이 화목해졌어요!! 참, 이거 공공기관에도 납품하나요? 친구네 회사 갔더니 비슷한 디자인이 있어서 괜히 방가방가."
8,5,방에 있던 제 의자가 기울어져있서 학기 내내 불편했었는데요. 의자를 주문하고 엄청 기다렸습니다. 원래 의자에 요추받침이 없고 헤드부분이 있었는데 전 헤드부분은 필요없고 요추부분이 필요해서 주문할 때 요추받침만 주문했습니다. 컴퓨터전공의 학생이다 보니까 책상앞에 앉아있을 시간이 많아 의자가 중요한데요. 그래서 이번에 의자랑 발받침 한번에 구매했습니다. 의자를 조립하고 앉아보니 정말 편하네요. 의자는 처음 사보는데 조립도 쉽고 편해서 아주 마음에 들었습니다. 개봉전 박스에 조립설명서가 있는데 조립하기 진짜 간단합니다. 개봉 제품 조립 전 중심봉 결합 - 중심봉을 다리에 올려놓으면 됩니다. 따로 볼트 조일 것도 없어요. 좌판 결합 - 좌판도 그냥 올려놓으면 끝 등받이 결합 - 등반이는 끼우기 전에 뒤쪽 볼트를 빼고 좌판에결합시킵니다. 결합하면서 볼트가 들어갈 구멍을 보면서 알맞은 높이에서 볼트를 꽂습니다. 이걸로 조립은 끝났습니다. 좋은 의자 감사합니다. 마지막 착샷
8,2,박스 다 뜯어져서 배송오고 좋네요 뜯기 편하게
8,4,물건 잘 받고 조립 하니 모양새는 가격대비 훌륭한듯 하였으나 처음 앉아보니 이상하게 불편해서 새의자라 적응이 안되서 그러나 했는데 한 3일 사용해보니 쓰면 쓸쑤록 불편하더군요 모양은 별이상 없는데 왜이런가 하고 다른 의자 옆에놓고 비교해보니... 답이 나오더군요...대요추 받침대 때문이였습니다 대요추받침이 높낮이 조절도 안되어 허리 요추부분에 있는게 아니라 엉덩이 골반 부분에 자리만 차지하는 상태더군요 의자의 앉는 부분의 3분의 1가량을 요추패드가 자리를 차지하니 저는 그냥 의자에 반쯤 걸쳐앉은 상태라 불편할수밖에 없는거였네요 교환하기도 번거롭고 해서 그냥 제가 의자 분해해서 대요추받침 제거 하고 다시 조립하여 앉아보니 그제야 편해지더군요 이가격에 이정도 퀄리티면 가격대비 좋다고 봅니다 허나 만원씩 하는 대요추받침 옵션은 확실히 문제가 있네요 높이 조절기능없는 이 옵션은 그냥 모양내기 옵션이라 생각됩니다 구입하실때 대요추받침은 빼고 구입하시는게 좋을듯합니다
8,5,"의자에 오래 앉아있으니까 엉덩이가 너무 아프더라구요. 메모리폼 방석 두꺼운 거 깔았는데도 기존 의자 하부가 아예 나무여가지고 딱딱함이 ㅜㅜ...걍 이참에 제대로 된 책상 의자 하나 사야겠다 싶어서 구입했어요. 이것저것 검색해봤는데 비싼 의자는 가격이 너무 부담스럽고 저렴한 의자는 허접할 거 같고 나름 열심히 찾아보고 고민하면서 골랐습니다. 처음에는 쿠션 제일 빵빵한 옵션 사려고 했는데 상품평이 좀 극단적으로 나뉘더라구요. 등판 갈라진 부분 마감 처리에 대한 말도 많고..그래서 전 깔끔하게 요 디자인으로 정했어요. 실제로 받고 나서 진짜 탁월한 선택이었다며 뿌듯해했습니다 ㅋㅋ 일단 생각보다 엄청 큰 상자가 택배로 와서 놀랐는데 안에 보니까 의자가 90%는 이미 조립되어 있더라구요. 진짜 조립 걱정 전혀 안하셔도 됩니다. 걍 하부 조립, 헤드 조립, 등판 조립만 하면 끝이예요. 단, 등판 조립할 때는 홈에 제대로 끼우고 조이셔야 흔들리지 않아요. 요추 받침 기대했던 거 만큼 편하구, 와 ㅋㅋ 진짜 주문 전에는 헤드랑 팔걸이는 옵션에서 빼고 가격 낮춰주면 좋겠다 생각했는데 막상 앉아보니까 진짜 편해요. 공부하다가 쉴 때 기대어 있으니까 의자가 몸 딱 받쳐줍니다. 복불복인지는 모르겠지만 흔들림 전혀 없고 튼튼해요. 한 가지 아쉬운 건, 쿠션이 그리 푹신하지 않아요. 쿠션 14cm짜리 옵션 상품평에도 막 푹신하진 않다니까 원래 그런 거 같아요. 그렇다고 막 딱딱하고 불편한 건 아니구, 걍 스프링 짱짱한 침대에 앉는 느낌이예요. 리클라이너나 PC방 의자처럼 푸욱~신~ 이런 느낌은 책상 의자에 기대해선 안된다는 거 알아요 ㅋㅋ 그래도 쪼오끔만 더 푹신하면 좋을 거 같습니나. 디자인 부분 보면, 색상 화사하고(걍 웬만하면 주황색 하세요 ㅋㅋ 제일 이쁨) 매쉬 재질 좋아요. 여름에 땀 차거나 할 일 없고 쾌적한 거 같아요. 혹시라도 도움되실 분 계실까해서 일부러 상품평 길게 적어봤습니다. 암튼 전 만족스럽게 잘 쓰겠습니다. 감사해요."
8,1,11번가 외 기타 쇼핑몰 1등. 반품 무료신청 등 소비자가 홀릴만한 기타 여러 문구들을 토대로 소비자를 기만하는 회사 인거 같아요. 어제 물건 받고 11/1일 오늘 조립다하고 보니. 상판 좌 우측이 이렇게 구멍을 뚫다가 말은 부분이 있네요. 정말 어이가 없습니다.. 지금 현재 파는 의자중에 제일 비싼 의자를 샀지만 (7.5만원 상당) 해당 가격만큼의 값어치를 절대하지 않는 제품인것 같네요. 해당 제품은 적법한 절차에 교환 혹은 환불을 받아야 한다고 생각들지 않습니까? 구매하실분들은 한번 더 생각해보세요
8,1,조립을 하고나서 봐보니 상태가 이모양? 아래 나사는 빼먹은건지 없고 떠있고 팔걸이 부분 한쪽은 홈에 맞지않아서 떠 있는상태..이걸 지금 의자라고 팔고 있습니까? 출고할때 확인안하나요.? 기본적인 하자 한번 쓱봐도 알터인데 어이가 없습니다.
9,5,"2년동안 쓸 의자 찾느라 거진 1주일정도 소비했습니다. 어지간하면 리뷰안쓰는 타입인데 이번엔 꼭 써야겠네요. 좀 깁니다. 중저가의자를 찾는 중이라면 더 비교하지말고 이 브랜드 의자사면 됩니다. 다만 저처럼 9cm 쿠션에 대요추 추가하실 분들은 대요추는 반드시 빼고 사시기 바랍니다. 인터넷쇼핑 세대로서 인터넷 쇼핑만 했는데 이정도 서비스는 단 한번도 받아본적이 없습니다. 혹시나 저가로 시디즈 급 의자를 찾는 사람이라면 그냥 돈 더주고 그 급 의자사세요. 간혹 시디즈급이라는 댓글들이 있지만 그 사람들은 시디즈 앉아보지도 못한게 분명함. 하지만 중저가 브랜드에서라면 이 의자를 반드시 사세요. 단점도 분명히 있지만 그 단점들을 모두 뛰어넘는 서비스가 있음. 1주일동안 여러 업체들 찾아봤습니다. 그 중에서 이 브랜드를 택한건 국내제작이라는 이유 단 하나 였습니다. 배송 오고나서 이상을 느껴서 Q&A에 문의 남기면서 교환을 시작했습니다. 1주일 넘게 교환을 3번 했는데 단 한번의 짜증도 느낀적 없을 정도로 아주 빠르고 친절한 대응과 교환을 받았습니다.( 모두 무료배송입니다.) 그런데 교환이 무려 맞교환 입니다. 배송지가 경상남도 진주인데 3번 모두 교환신청 바로 다음날 교환 받았습니다. 배송이 빠른 것도 그렇고 의자업체에서 맞교환이라는 서비스를 해준다는 건 정말 대단한거 같네요. 교환 사유는 대요추 때문인데 사진에 보다 싶이 대요추가 쿠션이랑 딱 붙어있어서 허리가 아니라 엉덩이만 지탱해줌.. 원인은 3cm 쿠션용 대요추랑 9cm 쿠션용 대요추를 같이 써서 그런 것으로 판단됨. 때문에 3cm 쿠션에서는 대요추가 정상적으로 허리위치에 있으나, 9cm쿠션에는 엉덩이에 위치함.. 위 사항은 반드시 업체에서 수정해주길 바랍니다.. 저것 때문에 등 기대지도 못하고 의자 앉는 부분도 줄어서 오히려 더 불편합니다. 결국 대요추 빼고 교환 받았습니다. 차액도 환불받았구요. 하지만 위 사항들을 뛰어넘는 서비스는 정말 칭찬해야 한다고 생각해서 리뷰를 남깁니다. 혹시나 저처럼 단신부임으로 인해 2~3년 간단히 쓸 중저가 의자를 구하시는 분들께 꼭 추천드립니다."
9,1,3월 18일 구매후 약 두달간 사용중입니다. 일주일 전 바퀴가 빠지더군요 다시 끼우니 이상 없어보여서 사용하다 보니 수시로 빠져서 보니 이렇게 쪼개져있네요... 몸무게 76kg 남자 입니다. 허리 부분도 뒤로 젓히면 삐그던 소리 나기 시작했네요 조금 더 투자좀 할걸 후회되네요 역시 싼건 국산이건 중국산이건 상관없이 품질에 문제가 있네요
9,5,"일단 의자 정말 괜찮습니다. 평소에는 시디즈 의자를 썼는데 자취를 하며 싸고 좋은 의자를 찾다가 마이홈 의자를 알게되었습니다. 사실 이전에 타사의 다른의자를 먼저 구매했었는데 정말 실망하고 마지막 기회라 생각하고 마이홈의자를 주문했습니다. 정말 강추합니다. 일단 의자상태 정말 괜찮습니다. 1. 조립: 정말쉽습니다. 이미 등판과 팔걸이등이 모두 조립된 상태에서 끼우기만하면 됩니다. 이전 의자는 나사로 조이고 뭐하고 진짜힘들었는데 이 의자는 조립에 십분도 안걸렸습니다. 2. 방석: 푹신합니다. 앉은 느낌은 시디즈의자와 별반 다름 없습니다. 3. 등판: 매쉬소재는 좋으나 뒤 등 기둥?이 등에 닿는 느낌 듭니다. 하지만 불편하다는 느낌은 전혀 없고 오히려 허리를 받쳐주는 느낌이라서 개인적으로 괜찮습니다. 4. 바퀴: 소음 없이 잘굴러가고 진짜 좋습니다. 이전 타사제품샀을때는 움직일때 소리나고, 제대로 굴러가지도 않고 삐거거려서 반품했는데 이 의자 바퀴는 참 좋네요. 5. 등받이 틸팅: 적당히 넘어가는게 딱좋습니다. 팔걸이와 등판이 분리되어있어 등판만 틸팅되는게 개인적으로 좋습니다. 틸팅 조임을 따로 건들지 않고 기본 설정으로 쓰고있는데 딱 좋습니다. 6. 디자인: 와인색깔 정말예쁩니다. 항상 그린색만 사용했는데 다크한 와인색깔이 고급져보이고 매우마음에 듭니다. 7. 팔걸이: 사용에 큰 불편함은 없습니다. 다만 제가 의자에서 가부좌를 틀거나 다리를 팔걸이에 기대는 편인데..그럴수록 팔걸이가 벌어지는 느낌입니다. 다시 산다면 삼각형모양?의 팔걸이를 선택하고싶습니다. 그러나 팔만 얹는 용도라면 불편함이 없을것같습니다. 8. 개인적으로 좋은점: 고급스러운 디자인과 색깔, 바퀴, 등판과 목받침 조절가능, 적당한틸팅과 플라스틱 하단(이전에 스틸제질의 하단부위를 구매했는데 발이 닿였을때 차갑고, 소리나고 개인적으로 스틸은 별로였음), 부드러운 의자 높이조절 9. 개인적으로 불편한점: 앉아서 등을 기대고 좌우로 왔다갔다했을때 등판이 좌우로 움직임. 티자형 팔걸이가 죄우로 힘을주었을때 벌어짐.(팔걸이가 좌우로 미는 힘에는 취약해보임) 10. 총평: 가격대비 정말 진심 최고인듯합니다. 의자구매에 한번 실패하고 걱정이많았는데 앉은느낌 정말좋습니다. 저는 정말 추천합니다. 만약 구매를 고려하고계신다면 드리 컴퓨터용으로는 요추방석?은 필요없을듯하나 공부책상이라면 요추방석 있으면좋을것같아요. 저같은 경우는 요추방석이 없는걸 선택했는데, 공부용이라서.. 만약 요추방석만 따로판다면 구매하고싶네요. 그외에 팔걸이는 팔만 얹을용도라면 일반형을, 저처럼 다리로 팔걸이를 지탱하는 경우라면 삼각형? 더 튼튼해보이는 것으로 구매하길 권합니다! 어쨌든 사세요! 두번 사세요! 세번 사세요! 이런리뷰 잘안쓰는데 개인적으로 정말 좋아서 쓰게됐네요. 그럼 저는 새마음 새뜻으로 새로운의자에서 열공하겠습니다! 좋은의자 저렴한가격에 판매해주셔서 감사합니다!!!"
9,3,"...주문하고 다음날인가? 도착해서 당황... 아마 연말연휴가까이 주문해서 지나고 도착할걸로 생각했었는데... 연휴 전에도착해서 더 놀란듯. 여튼 무진장 빠른 택배. 그리고 의자 자체는 그닥 추천하기 민망민망. 조립은 레고같았지만. 일단 쿠션. 엉덩이가 괴로워합니다. 이거 분명 두꺼운 쿠션일텐데 .....차라리 얇은거 주문하고 좋은 쿠션을 까는걸 추천. 엉덩이에 살이 없는편도 아닌데(시모네타가 아니라) 아픕니다. 집중하면 몇시간이고 앉아있는데.. 일어나면 허리가 아니라 엉덩이가 아픔. 쓸모없는 쿠션같으니.. 무슨 풋스툴에 앉아있던 기분. 무슨 잘 안꺼지는 소재라더니 잘 안꺼지는게 아니라 안꺼져. 좀 꺼져라 아오. 등받이+요추 많이들 요추받침없음 안닿는다vs.필요한 사람만 골라라 로 갈리길래 질렀는데.. 결론부터, 이거 안맞음 빼면 되겠지는 불가능합니다. 교환/환불만이 빼줌. 그리고 앉아본 사람으로써...자신있게 말할수 있는건, 하지마요 요추. 이거때문에 의자가 좁아짐. 요추서포트가 너무 ""낮아서"" 요추가 아니라 엉덩이를 의자에서 몰아냅니다. 아니 진짜로. 가능하면 환불받고 싶을정도로 성질남. 저거 없으면 좀더 편할것 같은데 또 없으면 의자 부러질까 겁나는것도 좀 있고... 여튼 요추받침 추천 노노 네버에버, 네버. 등받이는.... 솔직히 요추받침때문에 잘 모르겠음 (...) 많이 뒤로 넘어가진 않아서 음.. 밀어내면 살짝? 각도로보면 대충 100~110도쯤? 좀더 넘어가면 좋을텐데 싶... 목받침 높이조절이 생명. 노쿠션주의. 말그대로 받침. 그래도 없는것보단 나음. ..뒤로 젖히는데 목이 뒤로 떨어짐 아프니까. 쿠션의 느낌을 표현하자면 안입은듯 입은 냉장고바지같은 느낌. 팔받침 ...업그레이드의 의미를 모르겠다 다리 올리고 앉았을때 덜 거슬리는걸로 추가비용이면 좀 슬픈데.... 일단... 아픕니다. 짧습니다. 쿠션이 없어서 아프고 얇아서 더 아프고? 뭘로 커버를 씌우던가 뭘 붙이던가 해보려고 하다가 그값이면 좀 많이 더 보태서 그냥 의자 하나를 사는게 모양상 효율상 좋아보여서 포기. 여튼 추가는 비추. 결론은, 그냥 매쉬에 일반쿠션+목받침으로 사서 좋은 방석을 깔고쓰는걸 추천이요. 그리고 좀 오래 앉는 사람은 다른의자를 추천이요. 요추만 없어져도 좀 편할거같긴 한데 솔직히.. 인간적으로 너무낮다 요추!!"
9,5,"작업실에서 쓸 책상을 찾다찾다 발견한 마이홈체어예요!! (네이처 리얼 라텍스) 일자목이라서 목받침이 꼭 필요했는데 잘못 주문하는 바람에 이렇게 기본 사양으로 조립을 하였습니다~ 높은 판매율과 더불어 국내기업(사고나서 발견ㅋㅋ) 제품이라 그런지 made in korea 를 보는데 엄청 반갑더라구요. 조립은 굉장히 쉬운편이라 누구나 손쉽게 조립 후 사용이 가능했고 생각보다 의자가 잘 밀리지 않아서 만족스러웠습니다. 가격대비 마감도 괜찮았고 ""철물을 넣어주세요"" 라는 문구의 스티커에서 고객을 위하는 배려심을 느낄 수 있어서 흐뭇했어요. 의자는 곧 건강으로 이어지기 때문에 아무거나 사면 안되는데~~ 마이홈 체어를 사용해보니고객을 많이 생각한 기업(제품)인듯하여 추천하기 좋은 의자라 생각 됩니다. 언제나 1등 기업으로 우뚝 서시길 응원합니다. MADE IN KOREA , Myhome chair화이팅~"
9,3,2달써본 리뷰입니다. 일단 배송은 진짜 빨리왔어요. 하지만 등받이가 고정이안되요 그냥 기대면 뒤로 그만큼 재껴지더라구요; 그리고 리얼라텍스로 샀는데.. 음.. 글쎄요 저는 그렇게 푹신한지는 잘모르겠어요. 그리고 개인적인 차이겠지만.. 저는 허리가 무지 아파요 오래앉아있으면 허리가 아프더라구요;;; 요추 있는건 어떨지 모르겠지만.. 의자는 저렴하게 잘사서 좋은데.. 허리가 아프다 보니.. 지금은 그냥 돈더주고 다른거 살껄 그랬나봐요; 그냥 딱 가격만큼 하는거 같아요
9,1,"★★★나사가 계속풀어짐. 의자위에서 몸 많이움직이시면 비추★★★ 팔걸이부분 : 플라스틱 조립식장난감 뜯을때 남는 꼬다리처럼 튀어나온부분이 있어서 커터칼로 일일이 다듬어줘야함 등받이 강도조절 : 위아래로 움직이는 레버로 조절하는게 아니라 스피커볼륨조절같이 동그란걸 직접 돌려서 나사를 푸는 느낌으로 조절하는건데 이게 나사를 풀면 뿌서지는소리가나서 무서워서 못돌림. 사실 돌려도 별 차이를 못느끼겠음. 허리 꼿꼿이 세우고앉기엔 딱. 좀 많이 기대려면 안좋음 발받침대 : 장착하고 한시간동안은 만족. 한시간만에 나사풀어져서 바닥에 나뒹굼. 절대비추. 등받이 추가해서 의자면적이 생각보다 많이 좁은느낌. 오래앉아있기에는 불편함 사용한달째 의자 전체적으로 나사 다풀어짐. 하루쓰고 하루 조이고 해줘야함. 발받침대 나사가 엄청 짧아서그런지 생각없이 발올리고있으면 나사 나뒹굼. 현재 테이핑.밴딩 해가면서 나사없이 고정해서사용중 아예 제거하고싶은데 의자판 들어내야되서 그때 또 고장날까봐 제거는못함 전체적으로 나사가 문제가 많아서 드라이버 옆에두고 계속 관리해줘야됨(허리받이, 발받침대)"
9,5,일단 주니온 프리미엄에 요추는 사용안해봐서 불편하면어쩌지싶어 고민하다 소요추로 추가했어요. 엉덩이 안배기게 프리미엄으로했더니 앉았을때 빵빵하구요. 너무푹신하지도않고 적당히 탄력있고 굉장히 만족합니다. 다만 그전에 타브랜드에서(듀오*등) 인조가죽 의자들 사용했을때 오래사용하면 가죽이벗겨지기때문에 천을 덧씌울까 생각중입니다. 패브릭이 등받이말고 의자앉는곳도 선택가능하면 좋을텐데요. 소요추는 앉아서 등 기대어보니 불편하지않아요. 오래사용은 아직책상이없어 못해봤지만 괜찮을것같습니다. 잘선택한 것 같아요~
9,4,"솔직한 후기. 일단 배송은 무지 빠릅니다. ㅋㅋ 받자마자 조립했는데 쉽네요. 여자도 금방 합니다. 체형에 맞게 세팅하고 두어시간 정도 앉아본 결과 괜찮네요. 가성비 훌륭합니다. ㅎㅎ 메쉬소재라 시원하고 디자인, 색깔도 예뻐요. 하지만 의자가 그렇게 튼튼한 것 같지는 않아요. 더 써 봐야 알겠지만 한 3~4년 정도만 고장없이 쓰고 싶은데 딱 그 정도만 가능하지 않을까 싶네요. 그리고 의자의 기능적인 면이나 편안함 또한 그렇게 좋지는 않아요. 가성비가 좋은 것이지 뒤로 쭉쭉 잘 젖혀지고 오래 앉아도 안락함을 유지하고 싶다면 더 비싼 의자를 선택하는 게 좋을 듯 합니다."
9,5,"저렴한 가격을 고려해서 후기를 적는다면 아주 훌륭한 상품입니다. 보통 책상의자 일반적인 가격이 15~20만 원이라고 했을 때 마이홈의자는 기본 36,000만 원부터 시작하는아주 저렴한 가격을 보입니다. 의자를 이루고 있는 소재는 아주 저렴하지만그소재들끼리의견고함이 굉장히좋은 편입니다.개인적으로는 우레탄 바퀴가 참 조용하고 부드럽더라고요. 그리고 몸을 부드럽게 감싸주는 메쉬소재의 등받이도 굉장히 만족합니다. 단점으로는 전체적으로 플라스틱 재질의 의자라는 점입니다.내구성이 굉장히 약합니다.의자라는 상품은 책상에 앉아서 정적으로 사용하는 제품이기 때문에 외부 충격을 받을 일이 많지는 않지만, 외부 충격을 받았을 경우 크랙이 생기기 아주 쉬운 재질입니다. 그리고 지금은 아주 견고하고 튼튼하지만, 1년 2년 이렇게 사용하면 반드시 흔들림이발생할 거라 생각됩니다 (이 부분은 마이홈의자 네이처 메쉬의자 2002만의 문제는 아니고, 모든 높낮이 조절하는 의자들이 오래 사용하면 의자 부품 간의 유격이 발생해서 흔들림이 발생합니다.) 결론적으로는 아주 가성비 좋은 의자임은 확실합니다.내구성이 떨어지는단점이 있는데도 불구하고 충분히 좋은 의자입니다. 비싼 의자가 당연히 좋죠. 이 의자와 15~20만 원대의 의자를 일대일 비교할 순 없습니다. 하지만 저가 상품 중에서는 가장 견고하고 튼튼한 의자라고 봐지네요. 저렴한 의자를 찾고 계신다면마이홈의자를 추천합니다. 제 블로그에 자세하게 리뷰되어 있습니다. http://foraran.blog.me"
10,1,"가격도 괜찮고, 배송도 빠른 편입니다. 
 
 
그런데서비스가 너무 엉망이라서, 별점 하나 남기고 갑니다. 
 
 
1. 고객센터 불친절 
 : 말투, 상담 중 말 끊기, 상담 후 전화 끊어버리기 등 
 
2. 불친절한 고객센터의 사후처리 엉망 
 : 불친절한 상담 후 일처리라도 제대로 해주시지.. 
 불량품 받았다고 하고 보내준 부품은 다른 부품이었습니다. 
 
3. 질문에 대한 답변 내용에 대한 알림 없음 
 : 11번가 웹/앱 알림 모두 on 상태인데, 
 상담내역(문의) 답변에 대한 알림이 문자/메일/푸시 아무것도 없었습니다. 
 물론 관련된 연락도 없었습니다. 알아서 찾아보라는 건가요? 
 
 답변 작성하신 후 고객 회신알림에 대한 체크가 
 분명 있는 것으로 알고 있는데요. 
 
4. 2차로 보내준 부품 
 : 처음 왔던 불량 제품과 크게 다르지 않았습니다. 
 더 말하기도 싫고, 실갱이 하는것도 귀찮아서.. 
 조립해서 사용 중이긴 합니다만..참 .. 
 
 
앞으로 의자 구매할 일이 있어도, 
여기서 구매할 일은 더 이상 없을거 같습니다. 
 
11번가 인기상품 정렬도 다 믿을 건 아닌거 같네요."
10,3,배송은 다음날 바로 왔구요 의자조립은 되게 쉬워요 나사조이고 뭐할것도 없이 제자리에 끼우기만 하면되요 퀄리티도 가격만큼인거 같아요 끼우는 식이라 쉽게 빠지거나 할꺼 같은데 들어보면 또 그렇진 않네요 중역의자 쓰다가 망가져서 구매한건데 중역의자보다 훨씬 가벼워서 좋아요 요추보호대 추가했는데 괜히 한거같아요 전 오히려 요추보호대 때문에 똑바로 앉아지지 않아서 좀 많이 불편하네요 게다가 의자 뒤로 젖힐수있게 돌려야하는건 잘못끼워진채 꽉조여 있어서 풀리지도 않고 의자가 살짝 앞쏠림이 있어서 전체적으로 불편하고요 사용 며칠 해보니 등전체가 다 아프네요 전체적으로 저는 별로네요 그리고 분명 의자14cm로 알고 구매했는데 잘쳐줘도 10cm될까.. 잘못보내신건지 사이즈가 안맞지만 한개를 이미 사용해버렸고 조립안한 하나만 바꿀수도 없어서 그냥 쓰지만 궁금하긴 하네요
10,5,"컴퓨터 등 시무용이나 공부 등 학생의자로 추천, 『마이홈의자 네이처 메쉬의자』개봉기 좌판과 등받이가 나무로 된 거실 컴퓨터용 옛날의자를 교체(나무가 섞인 의자는 돈내고 버려야 함도 고려)하기 위해 여러 사이트 다양한 제품들을 탐색하던 중 저렴하고 산뜻하면서도 고급스러운 『마이홈의자 네이처 메쉬의자』를 발견, 제품소개 내용 중「FREE RETURN 무슨 이유라도 무료로 반품하세요.(원래 의자 반품 비용은 1만원 이상입니다.) 1인 1개에 한하며 베이직 상품은 제외됩니다.」를 발견하고(의자 제품 중 이런 문구는 처음 접함) “생각했던 것보다 부실하거나 마음에 안들면 무료반품해도 되겠다”며 반신반의 하면서도 “그만큼 제품에 자신이 있다는 뜻이 아니겠느냐?”는 생각에 2018.1.30. 오후에「5.N212 네이처 스탠다드,색상선택:노블레스블랙」을 주문했더니 다음날(2018.1.31.) 오전에 배송되는 등 완전 총알 배송이네요. 제품을 받고 박스를 보니 「살살좀요 본 제품은 운반 과정 중 파손의 위험이 있으니 아기처럼 소중히 다뤄주세요.」라는 문구가 있어(이런 문구도 처음 봄) 제품이 소중하게 잘 전달되도록 고객을 위하는 배려심에 일단 믿음을 갖고 박스를 개봉해 보니 ‘의자다리, 중심봉 및 중심봉덮개, 좌판, 등받이(헤드)’를 비닐봉지에 씌운 다음 뽁뽁이로 한번 더 포장되어 있어 뽁뽁이는 베란다 유리문 자투리에 방한용으로 붙여 재활용. 통상 새제품을 받으면 냄새가 나는데 이 제품은 냄새도 안나고, 박스내에 제품조립 설명서가 있지만 반제품처럼 조립 · 배송되어 굳이 설명서를 보지 않아도 ‘의자다리에 중심봉 및 중심봉덮개 끼우기-좌판 끼우기-등받이(헤드) 끼우기’ 순서로 조립하면 돼 초등학생도 조립이 가능한 정도입니다. 다만 등받이를 끼우는 부분에 “여기에 철물을 넣어주세요”라는 친절한 문구를 보고도 대충 끼워 사용하던 중 등받이가 제대로 고정이 되지 않아 좌우로 흔들리는 것을 의례 그런 것이려니 했다가 아까 안내문구가 생각나 다시한번 차근차근 조립했더니 해결이 되었어요. 이렇게 완성하고 보니 저렴한 가격임에도 고급스럽고 높이 조절이 원활하고 앉아 있으면 허리와 목도 편하며 바퀴도 부드럽게 잘 굴러가 바닥장판에도 무리가 없는 등 중 · 고등학생 자녀는 물론 어른들도 편안하게 사용할 수 있는데, 다만 팔걸이를 잡고 앉을 때 팔걸이가 휘청대며 의자 전체적으로 가볍고 약해 보이는 아쉬운 점 등 하루밖에 안돼 구체적인 내구성 등은 어떨지 모르겠지만 사용 중 불편함이 있다면 언제든지 몇 번이고 적극적으로 A/S(구매후 1년이내 무상, 이후 최소 금액으로 유상) 해준다는 평들도 있어 일단 저는 만족스럽게 잘 쓰겠으며, 복불복으로 저한테만 만족스러운 제품이 온 것은 아닐지 모르겠지만 이상 상품리뷰는 순수하게 제 개인적으로 보고 느낀 점을 적은 것임을 헤아려 주시기 바라며, 끝으로 “30년 의자 제작 노하우를 바탕으로 국내최대 사출생산기업과 협력하여 기능성의자를 연구 · 개발한다”는 30년 전통의 MADE in KOREA 기업답게 앞으로도 계속 연구 · 개발하고 불만족스러운 평가들도 적극적으로 반영하여 더욱 업그레이드된 의자를 보다 저렴한 가격으로 계속 보급해 주시길 당부드리면서『마이홈의자 네이처 메쉬의자』를 적극 추천합니다."
10,5,지방에 사는데 배송은 정말 빠른편이고 딱히 부서진곳 없고 불량제품도 아닌거같아여 구매전에 요추부분을 할까말까 굉장히 고민햇는데 앉아보니까 저한테는 애매하게 불편하더라구여.. 그래서 요츄부분빼고 앉아볼랴고 찾아보니까 좌판쪽 나사를 다 풀어야한대서 한번 풀어밧다가 식겁햇어요ㅎ 이건 도저히 집에서 풀수잇는 수준이 아니엇어요 ㅋㅋㅋㅋ 제기준ㅋㅋㅋㅋ 2번째사진으로 보이는 나무판은 불량이 아니라(불량이 아니냐는 글을 본거같아서 참고) 원래 그런거 같아요 저 나무판에 나사를 쪼이는거고 그안에 나사가 또잇는.. 무튼 그래서 분리가 아니라 일반좌판으로 반품해야되나싶어서 좌판이랑 의자다리 분리할려는데 이것도 식겁함 ㅋㅋㅋㅋㅋㅋㅋㅋㅋㅋㅋㅋㅋㅋ 설명서에 분리방법대로 망치로 두들겻믄데 힘이부족한지 안되더라구여 3번쨔사진처럼 그냥 망치질한 자국만 남음.... 좌판에 나사풀엇다하고 의자다리도 망치질 해서 의자가 금방 고장날까 조금 걱정되오 ㅠㅠ 일단 더 오래 앉아보고 판단해볼게요.. 요추부분은 저빼고 다른 가족들이 나쁘지 않다해서 그냥 앉을려구요.. 사람에 따라 다르니까 어쩔수업죠 ㅎ 가격대비 의자는 짱이라고 생각합니다 국산 의자 짱!!
10,5,"저렴한 가격으로 품질 보증된 의자 사실거면 여기서 사시는것을 적극 추천합니다. 먼저 여기서 의자를 사기전에 여러 리뷰를 보면서 조사했습니다. 비슷한 가격대에 다른 의자들 보면 배송 중에 파츠가 깨져서 왔다거나, 마감이 허접하다는 등 made in china와, 뽑기 운이 좀 걸렸었습니다. 하지만 왜 이제서야 이곳을 발견했나 싶을 정도로 물건을 받고 써보고 만족했습니다. 조립은 맞춰서 끼우고 손으로 조여주기만하면 되고 바퀴는 방안에서 소리 하나도 안납니다."
10,5,집이 마루바닥인데 기존의자가 착석이후 너무 잘미끄러져서 우레탄바퀴면서 이동시는 잘 미끄러지고 착석 후에는 잘 안미끄러지는 의자를 찾고 있었는데 딱 그용도에 맞아서 너무 만족합니다. 상담응대도 친절하시고 배송중에 바퀴덮개가 부서져 왔다고 했는데 총알 같이 바퀴도 보내주셨네요. 팔걸이는 거치되는 부분이 U자형태로 들어가있어 거치시 안정감을 높여주었구요 길이도 딱 적당합니다. 의자 방석 쪽 쿠션 역시 너무 몰랑하여 푹들어가는게아니라 적당히 지지해주며 편안한 쿠션감이며 요추받침대랑 틸팅강도 조절하여 뒤로 기대었을때 컴퓨터에서 장시간 영화보기도 아주 편안합니다.
10,5,의자는 처음 사보는거라 걱정 고민 이것저것뒤져보고 골랐어요. 무엇보다 많은 리뷰와 판매수에 믿고 질러봤습니다. 이왕하는거 프리미엄 라텍스로 지르고 빠른배송으로 하루만에 받았네요 ㅋ 택배상자가 꽤크고 먼가 완충장치없이와서 다서 걱정했지만 파손된부분은 없는 듯합니다. 조립해보고 앉아보니 착용감도 좋고 맘에 쏙드네요.ㅋ 마이홈의자 사길 잘한거같아요 ㅋ 요추대? 요것도 불편할줄알았는데 딱 받쳐주니 편안하네요! 오늘로 마이홈의자를 알게 ？楹六？. 다음에도 의자가 필요하면 마이홈을 선택할 즛..ㅋ 번창하세요. 무사히.. 오래쓰길...ㅋ
10,4,"일단 아무런 도구가 없어도 5분안에 누구나 설치 가능하다는 점은 진짜 괜찮음. 기존에 좀 비싼 의자들만 써보다가 이번에는 그냥 대충 저렴한거를 처음 구매해봤다. 결론, 돈은 거짓말 하지 않는다. 딱 5만원대에 맞는 퀄리티를 보여준다. 왠지 조금만 무리하면 의자 어디 한군데가 망가질꺼 같은 불안함. 요추기능이 그렇게 엄청나게 편하지는 않는다. 전체적인 마감은 괜찮은편. 이 가격대에는 나름 선방한 제품같음. 진짜 오래쓰면서 편안한 제품을 찾는다고하면, 역시 시디즈 사는게 좋겠음."
10,5,저희 사무실에서 저 포함 6명이나 마이홈체어 네이처 리얼라텍스 제품을 살 정도로 붐입니다! 하루 종일 최소 8시간이나 의자에 앉아 일을 해야하는데 좋은 의자는 필수인거 같더라구요! 그래서 두분이 의자 사시는거 보고 저희 팀 4명이나 같이 주문을 했습니다! 앉아보니까 너무 편안해서 안살 수가 없더라구요ㅋㅋㅋ 요새 시디즈 의자가 좋다고 많이 들었는데 가격대비 가성비로 따지면 마이홈체어가 갑입니다! 그리고 의자에 문제 있다고 연락하니까 바로 무료로 교환제품도 보내주시더라구요! 너무 친절하고 좋은 회사입니다^^ 저렴하고 품질도 굿이라 많은 분들이 구매해서 사용해보시면 만족하실거예요! 좋은 기업은 흥해야지요~ 좋은제품 감사합니다?
10,5,좋습니다. 우선 가격대에 비해서 좋은 제품은 확실합니다. 라텍스 의자로 선택했는데 생각했단 라텍스와는 좀 다르네요. 뭐 개인차이겠지만 조금 덜 푹신한 것 같네요. 그래서 이 제품이 라텍스 제품이 맞나 확인해보니 9cm에 팔걸이부분이 다른 것을 확인해보니 맞는 것 같네요 그리고 쿠션 높이는 제가 측정했는데 8cm에요.. 이거보다 전 모델들은 엄청 낮나봐여 ㅠ 이제품이 가장 좋은 것 같네요 그리고 요추 받침은 움직일 수 있었으면 좋겠어요 조금 높이가 안맞아서 불편하네요 ㅠ ㅠ 그래도 이 가격에 이정도면 괜찮은 것 같아요.
11,5,두번째 구매예요. 전에 아테나 모델을 썼는데 1년 좀 안되게 썼을때 의자 고정부분이 흔들려서 a/s 문의를 했더니 바로 처리해주셔서 새의자처럼 잘 썼어요. 이번에 이사하면서 마이홈의자 믿고 쓸수 있을거같아서 이반에는 다른 모델로 주문했어요. 아테나가 확실히 좀 더 크기나 사이즈면에서 편안함이 좋아요. 이번에 구매한 건 아테나에 비하면 조금 작지만 편안함은 역시 좋네요. 한글 읽을줄 알면 누구든 조립할 수 있을만큼 간편하고 내구성도 좋습니다. 첫구매에서 신뢰를 얻었기 때문에 전 계속 마이홈의자 쓸거같네요.
11,5,2018년 1월 2일 의자를 구매 하고 사용하고 있었는데 의자가 많이 불편해서 마이홈의자에 전화를 해서 불편함을 호소 했더니 전화 받은 직원이 친절하게 시간은 오래되었지만 고객 께서 불편해 하시면 반품등록 할 수 있게 도와준다고 하여 저희가 의자 상태를 사진으로 보 내 보겠다고 말씀드리고 핸드폰으로 찍어서 전송해 드렸더니 조립이 잘못되었다고 하시면 서 친절하게 안내해 주셔서 정상적인 의자 사용으로 착용감 있게 지금 잘 사용하고 있습니 다. 제가 여지껏 상품을 구매 하면서 구매시점이 오래되었는데도 불쾌함 없이 친절하 게 응대해 주시고 조치해 주신 곳은 이곳이 처음인듯 합니다. 마이홈의자가 이런 친절한 직원을 고용하고 계신 것은 회사이미지에 최상의 선택이라 생각됩니다. 앞으로 더 많은 번창으로 사회의 공익에도 기여하는 기업이 되기를 소망 합니다.
11,4,"처음에 조립할때 등받이 고정하는 중 부품에 문제가 있길래 에~역시나 비싼걸 사야하나 했지만, 전화했더니, 묻지도 따지지도 않고 바로 새 부품(등받이 전체)을 보내주셔서 내심 놀랐습니다. 제품이야 원래 불량이 간혹 나올수 있는거고, 그걸 어떻게 대처하느냐가 중요할텐데 감동이었습니다. 지금은 아주 잘 쓰고 있고요. 앞으로 회사 의자는 여기서 구매하려고요"
11,5,갑자기 기존에 쓰던 의자가 망가져서 구입하게 되었어요 가격대비 제품 깔끔하고 마음에 들어요 연휴기간이라 설 연휴 끝나고 배송 받을 줄 알았는데 연휴시작 전날 오전에 배송해 주셔서 너무 놀랐고 기분 좋았어요 조립도 금방했고...그런데 저는 노블레스 블랙을 주문했거든요 왜 헤드 색깔이 블랙이 아닐까요? 조립 다하고 조금 이상하다 싶었는데 ㅋㅋㅋ 뭐 남 보여줄 것도 아니고 엄청 이상한것도 아니라서 그냥 사용하려구요
11,5,배송받아보니 박스 자체에 찍힘이나 구부러짐이 거의 없고 개봉해보니 바퀴가 있는 부분에 밀봉이 안되있는 건 아쉬웠지만 나름 포장도 잘 되있는 편입니다 조립 설명서도 상세하고 분해 설명도 되있고 주의점도 잘 나와있고 잘못 조립된 예시까지 나와있어서 아주 좋았습니다 또 조립도 상당히 간편했고요 등받이를 따로 신청안했어도 실제 조립완료 후 앉아보니 나름 편하고 등받이도 어느정도 되는 편이에요 ㅎㅎ 의자바퀴도 잘 굴러가고 3만원 후반대 값을 하는 것 같에요
11,5,먼저 성격상 꼼꼼한 편이라 바로 구매하지 않고 일주일정도는 장바구니에 담아두는 습관이 있는데요 일주일이 지나도 의자가 필요하다는 생각에 신중히 여러사이트와 구매할수있는 가격적정선.할인률.무료배송 A/S 상품평 사은품 혜택포함해서 최종결정하게 된 의자가 제니스 의자입니다. 결론부터 말하자면 정말 구매 대만족이며~초강추하고 싶은 의자라는 겁니다~ 그럼 의자 후기본론 들어갈게요~ 처음에 박스에 왔을때는 정말 크기가 크더라구요~ 박스 개봉을 하면 위의 사진처럼 다양한 부품들이 들어있구요 (스틸다리는 옵션 선택) 비닐을 제거하고 깨끗하게 먼지를 제거한 모습과 조립 설명서 입니다. 일단 스틸다리위에 중심봉을 세우구요~ 위에 앉는 좌판 부분을 올립니다~특히 좌판 부분을 올리기전에 중심봉을 단단히 매무새좋게 다듬으신후 살포시 올려주세요~ 좌판 뒷부분을 보면 등받이 부분을 올리기 위한 구멍이 있습니다.그홈에 등받이 홈을 끼우면 되구요~ 힘을 주어 안쪽까지 밀어넣으면 됩니다. 아래부분에 볼트 나사 구멍부분을 잘 보고 돌리면 됩니다 등받이 부분을 올리니~한결 의자같아 보이네요~^^ 여름이고 습기에 따라 달라붙는 가죽이 싫어서 등받이 부분만은 메쉬소재옵션을 선택~ 좌판 부분은 오염이나 사용감에 의해 닳아지는 천이나 메쉬재질보다 내구성이 더 좋은 고급pu레자으로 선택했구요~ w모양의 푹신한 쿠션이라 더 좋기도 하지만 너무 푹신하면 공부할때 방해되기도 하거니와 오래 앉으면 엉덩이는 편할지언정 허리는 불편하더라구요 적당한 푹신함 딱 좋습니다~ 등받이 부분에 대형헤드 레스트를 꼽는 부분입니다~ 설치 된 상태이구요~헤드부분도 메쉬소재입니다. 최고로 젖혀진 단계구요 ㄱ자 모양으로 보여질정도로 많이 젖혀집니다. 중간부분에 l자로 고정한 헤드모양이구요~ 최고로 아래부분을 보게 숙인 모습입니다~ 제니스 제품도 7001과 7002 제품의 다른점이 하나 있는데요 그게 바로 이 팔걸이 부분이 아닐까 생각이 듭니다. 7001제품은 3천원 저렴한 대신 t형 팔걸이를 .7002 제품은 크롬도금 삼각 팔걸이가 설치되어 있습니다. 3천원 차이면 좀더 팔이 편하고 이쁜 삼각 팔걸이 추천해요~ 메쉬소재 질감과 푹신함을 보여주는 사진이예요~시원하게 보이지 않나요?~^^ 인체적으로 움직이는 독립형 등받이 부분이구요~ 땀을 많이 흘리시는 분들은 메쉬소재 좋습니다~좋고요~ 의자 좌판 부분인데요~싸구려 재질이 아닌 느낌이 좋습니다 적당한 푹신감도 좋구요 특히 커피나 음료수같은 제품을 흘렸을경우 흡수하는 재질보다는 당연히 쓱한번 닦으면 원상복귀하는 장점이 매력이지요~ 이장치 부분은 틸트 시스템이라고 불리는 곳인데요~오른쪽 왼쪽으로 돌릴수있는 구조입니다. 조이는 여부에 따라 의자 넘어가는 강도가 느슨해지거나 단단해져서 기울여지는 각도가 달라집니다 단 조심해야 할부분이 너무 돌리면 완전 분해우려가 있어서 눈치껏 적당히 돌리셔야 합니다(간혹 어떤 의자들은 다시 조립하기가 어렵다고 한적도 본적이 있어요~) 사일런스 우레탄 바퀴구요~소음도 없고 정말 잘 굴러갑니다~ 더군다나 저같은 경우 내구성이 단단한 스틸다리로 옵션을 바꺼서 구매했는데요 여유가 되신다면 깨지기 쉬운 플라스틱 다리보다 스틸다리로 처음에 구매하실때 구매하시는것도 좋은것 같아요~ 정면 스샷이구요~같은 제품이여도 약간의 높이 차이는 있어요~좌판이라던가.팔걸이부분이라던가 이런부분이요~(눈썰미 좋으신분들은 제 사진을 보면 왼쪽 의자가 약간 높은걸 보실수있습니다~) 역시 의자도 완성은 뒤태인가 봅니다~실제로 제가 한샘 의자를 구매하지 않고 이의자를 구매한 매력이 뒷모습이였습니다~깔끔한 뒤태도 물론이거니와 u자형 골조도 좋았구요~ 중간에 딱 박혀있는 은색 포인트도 마음에 들어요~밋밋하지 않는 다이아몬드 모양도 이쁘구요~(다이아몬드 모양은 구매할때 판매화면에서 잘안보여요 구매하실분들은 참고하세요~^^ 당연 제니스 시리즈의 장점은 멀티럭킹 기능을 탑재했다는 겁니다 원하는 각도에서 의자등받이를 고정해놓으면 기능인데요 정말 유용하게 쓰입니다~ 이기능이 욕심나서 추가금 더 내고 이제품으로 했는데 후회없는 선택이였다는걸 남동생도 엄지손가락을 치켜드네요~자세히 보시면 각도 손잡이 부분이 올라가 있습니다. 아래사진은 뒤로 한껏 민후에 멀티럭킹으로 고정해 놓은 상태의 의자모습니다 자세히 보시면 각도 손잡이가 내려가 있습니다~ 정말 이기능 편리하구요~고급위자에 많이 설치되어 있는 기능인데 제니스 위자에서 사용할수있다는점이 너무나 좋습니다~가격보다는 실용성을 더 중요히 여기시는 분들~후회없는 선택이예요~강력 추천하구요~ 최종적으로 설치하는데 걸리는 시간은 5분여 정도 걸리구요 엄청쉬워요~ 특히 여성분들에게 강력 추천하고 싶어요~(제키는 161cm 입니다) 조금 아쉬운게 있다면 남성분들은 키가 175 위로는 헤드부분 위치가 맞지 않을것 같아요 그래도 멀티럭킹 기능이 탐나시는 분들 당연히 있을것 같은데요~의자 넓이 부분은 문제가 되지 않기에 헤드부분을 떼고 쓰시면 됩니다~ 너무 단순한가요^^;; tip
11,5,1. 배송: 주문 후 2일 소요(경기 안양) 2. 인수 시 상태: 매우 양호 3. 색상 : 싸이트 홍보 사진과 같음 4. 착좌감 : 좌판이 커서 키작은 사람은 등받이가 편하지 않을것으로 사료되므로 대요추 필히 추가해야함.. 등판 폭이 작고 틸팅 기능 사용시 좌우로 흔들림. 편하게 한숨 자기에는 좀 불안함 5. 바퀴 : 매우 부드러움. 6. 고가 의자보다는 좀 허접해 보이지만 가성비는 최고..
11,5,"이글을 보시는분은 일단 주니온, 테이큰, 아테나 .. 등의 제품중에 고민하시는 분일텐데요, 저같은경우도 5일정도 고민을 하다가 주니온제품으로 결정을 하게된 케이스입니다. 성인남성은 아테나, 성인여성은 테이큰이나 주니온을 많이 쓴다고 하시는데, 이런 설명때문에 고민했던 것이 사실입니다. (제가 많이 꼼꼼한 스타일이라 .. ㅠㅠ) 전 175cm/62kg 정도 되는데요, 주니온모델써도 작지도않고 크지도 않은 사이즈이니 구매시 참조하세요! (키,덩치 크신분들은 아테나 모델하셔야할듯....) 배송은 1일만에 와서 100점드리겠습니다. ^^ 포장도 잘되어있구요. 포장온박스사진을 잃어버려서 패스할게요 ㅠㅠ 전 w쿠션+대요추+머리받이+그린매쉬 모델로 구매했습니다. 구성품은 아래와같습니다. 의자받침대와 중심봉은 조립한 후에 찍어서 빠지질 않네요 ㅠㅠ 그린매쉬 많이 이쁘죠? ㅋ 기계에 대해서 어렵게 생각하시는분은 포장박스와 별도로 들어있는 설명서를 보고 하시면 쉽게 조립하실 수 있으세요! 요건 설명서입니다. 조립하는데는 5분내외로 걸렸구요, 제 앉은키에 맞춰서 정밀작업을 들어가다보니 1분정도 더 소요된 것 같네요. 조립속도는 무척 빠르고 쉽습니다. 조립후, 올바른 뒷모습의 예입니다. 팔안장부분에있는 비닐은 보통 뜯어내는데, 저는 깔끔한게 좋아서 안장부분 나사 (각각 2개)를 풀고 나서, 비닐 제거했어요. 훨씬 깔끔하네요~ 색상구매하실때 요령은 음... 저같은 경우는 이번에 방인테리어를 끝낸 상태라, 방벽과 천장색(민트)에 맞추어서 매쉬그린을 선택했는데요. 생각한것만큼 잘 어울리더라구요. 색상은 자기 취향도 섞여있으니 구매자분의 본능에 따라서 결정하시면 될 듯 합니다. ㅎㅎ 마지막으로, 전체샷입니다. 이렇게 풀세트로 인테리어를 끝내고나니 기분도 좋고, 의자가 생각보다 푹신하고 예뻐서 놀랐네요 하단에 made in Korea라는 문구가 저렴한 중국산과 퀄리티면에서 다르다는 점을 보여주니 뿌듯합니다. 기존 듀오백스타일 의자를 쓰신분이라면, 대요추나 요추보호파트가 장착되있는 제품사용해보시는 것 도 좋은시도가 되실꺼에요. (머리부분도 목과 머리를 안정적으로 받쳐주니 추가하시면 좋을듯 ! ^^) 100점만점에 98점으로 상품리뷰를 마무리하며 8월 추첨에서 당첨되기를 빌어봅니다 제발.. 으~~ㅠㅠ (2점은 발받침대를 설치해보면 어떨까하는 아쉬움때문에..ㅋㅋㅋ)"
11,1,"금번 11번가를 통하여 책상용 의자를 구입 한바 있으나 뮨제점이 있어 판매자에게 전화를 하였으나 통화가 되지 않고, 11번가의 소비자센타 와 통화중 대기자들의사람이많아순서에의해연락하여준다는언급을듣고2시간이상기다렸으나 연락이 없어 본란을통하여문제점을제기하고저함. 1.상기 제품을 구입당시 광고 사진을 보고 구입 하여으나 제품을 수령한결과 광고 사진과 상이 하여 문제점을 제기 하오니 해결 하여 주길바람. 2. 문제점: 의자머리 뒤받참대가 사진에는 있으나 배배송된 제품에는 없음. 3. : : 광고사진 에는 허리등받이가 있있으나 배송된 제품에는없음. 4. ; : ; ; 팔 받침가 스텐레스로 보강도 되어있으나 배송된 제품은""T""자 로만 되어 있 어 광 고 사진 만 보고 구입하는소바자들에게는 큰불편함 과 바쁜시간을허비케하고 물질적 으 로도 피 해가 발생하고 있음. 상기 언급한 내용이 어제 수령한(09/22)구입 상품에 대한 본인의 생각 과 문제점을제기하오니 상항을 조사하여 본인에게 연락하여 주시길 바람니다. 참고사항: 구입자 ,김규성, 연락처, 010-ㅌㅌㅌㅌ-2877 (상품번호: 87595509) 배송지: 서울 양천구 신월동 171-25(남부 순환로 54길 22-9) P.S. 소비자와 전화 약속한 사항에 대하여 반듯이 지키길 바람 상기 제품과 함께 구입한 TABLE 이 아직 배송이 안되고 있음. -이상- 2017. 09. 23 제품 구입자 김규성 배상"
11,5,ㆍ 다른것도 많이 살펴봤지만 이상품이 젤 괜찮고 상품평도 좋아서 구매해보았는데 완전 편안하네요 배송은 3일이나 걸렸지만 ... 그래도 포장은 꼼꼼히 해서 보네셔서 아무하자없이 도착했습니다 조립은 제가안해서 어떻다고 말씀은 드릴수없지만 앉아서 컴퓨터하는데 .. 허리부분도 높낮이 조절핼수있어서 좋은거같아요~쿠션감도좋아요!!남성이든 여성이든 조절해서 편하게 앉아서 사용할수있구요~~대형할인마트 보다 더저렴하게 사서 좋으네요 ~~ 이런가격에 편안하기까지하고 가격대에 비해 성능은 최고에요~~
12,5,배송은 신청한 다음날 칼같이 왔어요 일단 배송 너무 맘에 들었구요 제가 여기 제품이랑 11번가내 다른 판매자분 상품이랑 같은 가격대에서 비교했는데 그쪽 상품이 배송중 파손이나 상품자체내에 훼손된 부분이 있는거 같아서 여기서주문했는데 그냥 새제품이에요 하자없는 새제품!ㅎㅎ 처음 배송왔을때는 이렇게 큰 박스에 안전하게 '취급주의'라는 말까지 붙어서 왔구요 자세히 보시면 이렇게 박스 상단에 조립설명서가 적혀있어요 박스를 뜯어 보시면 구성품은 이렇게 간략하게 구성되어있어서 설명서만 보아도 쉽게 조립할 수 있어요 한가지 제가 조립하다가 해멘 부분이있어서 말씀드리자만 조립하시다가 뒤에끼우는 볼트가 있는데 그걸 끼우고나면 목받침이 최홍만 아닌이상은 닿지가 않더라구요. 그러니 볼트는 끼우지마시고 이렇게 조립할때 등받이를 요추받이 뒤로 끼워넣으면 훨씬 편안한 의자가 완성됩니다!! 볼트를 안끼운다고 불안정한점은 전혀없으니 걱정마세요^^ 메쉬로 와인색 했는데 상당히 이쁘죠~?ㅎㅎ 처음에 의자주문할때 부모님이 반대하신게 안전성문제랑 as문제때문에 걱정을 하셨는데요 배송 도착한 바로 그날 이렇게 문자까지 와서 확실히 관리해주시더라구요 인터넷제품이라고 편견가지실 필요 없을것 같습니다^^ 괜히 여기저기 돌아다니면서 힘빼지마시고 좋은의자 좋은곳에서 안전하게 구매하세요~ 모두 건강조심하세요^^
12,3,배송빠르고 품질은 가격에 비해 괜찮은 편이나 최고는 아닙니다. 가격을 생각하면 더할나위 없이 좋은것 같습니다만 계속 써봐야 알겠죠 다만 아쉬운점이라면 택배 박스 열어보면 완충제가 하나도 없습니다. 신문지 하나도 없습니다. 약간 불안하긴 했으나 하나하나 확인해보니 파손된 부분은 없어서 다행입니다. 그리고 의자다리부분이 포장이 안되어 있는데 먼지를 많이 뒤집어 쓰고온것 같습니다. 더럽습니다. 물티슈로 슥슥 닦으니까 누런 먼지가 닦여나옵니다. 그외 부분은 아직은 만족
12,3,제가 11번가에서 물건사 이후로 포토 리뷰까지 달아본적은 처음입니다 확실한 리뷰 하겠습니다 구매상품 아테나프리미엄 옵션x 첫번째 받침 2개 부분이 유동적으로 움직여 허리를 잘 감싸준다 이부분은 대요추 상품인 아테나라서 그런지 모르겠지만 보다시피 대요추랑 등받이랑 밀찰되어있어 등받이부분에 유동이 없어집니다. 두번째 s자의 대요추 부분이 너무 아래에 있습니다. 제가 살이 없는편인데도 아래부분입니다 저의 생각에는 조금더 위쪽에 설치가되어 허리 부분도 감싸던지 아니면 크기를 키우던지 해야할것 같습니다. 실용적인 면이 많이 떨어진다고 생각됩니다. 세번째 사진으로는 식별이 안되나 헤드부분 좌우 균형이 안맞습니다. 설치해보시면 알겠지만 헤드 좌우 쇠를 헤드에 넣고 설치하게 되는데 안에 쇠가 다들어가지못하게 살짝 튀어나온 부분이 있습니다. 그부분까지 딱 균형이 맞게 들어가서 설치가 되어야 하는데 그내부의 부분을 너무 어정쩡 하게 만들어서 인지 한쪽은 쑥 들어가고 한쪽은 들어가다 말고 합니다. 마지막으로는 허리 전체가 앞뒤로 움직이게 하는부분이 밑에있는데 가능하면 옆에 있으면 좋겠습니다 고정력이 약해 뒤로 완전 안젖혀지게 하고싶은데 얼마나 조여하하는건지 감이 안옵니다.. 안좋은 점만 지적했으나 나머지 부분에서는 별다른거 없겠습니다
12,3,"어제 오전 11시쯤 주문하고 오늘 저녁 7시쯤 받았으니 배송은 빨름니다. 그리고 상품은 나름 괜찮은데 역시 가격이 싸서 그런지 좀 가벼운 느낌이 있네요 웬지 좀 쓰다보면 망가지지 않을까 하는 불안이 좀 있네요. 하지만 나름 가성비는 있다고 생각되네요. 문제는 한진 택배인데..판매자는 택배회사를 바꾸기를 고민해보셔야 할듯하네요 택배기사가 물건을 그냥 문앞에 두고 가버리네요. 저녁먹을 시간이라 집에 사람도 다 있었고, 전화나 문자도 없이 그냥 물건만 던져놓고 가버렸네요. 늦게 발견했으면 어찌 됐을지..생각만 해도 짜증나네요 택배회사에서 받은 짜증이 판매자에까지 미쳐서 평가가 좀 짜졌네요"
12,4,타사 의자보다 가성비가 있어 보여서 샀는데 장단점 정말 확실한 의자인 듯... 조립하는데 조금 힘들긴 했지만 15분 정도 걸렸고요... 체구가 작은 분들은 따로 등받이 폭신하고 큰 것으로 사세요. 의자가 큽니다... 그래서 불편해요. 등이 잘 휘어져서 의자가 약할 줄 알았는데 은근히 튼튼하네요. 목받침대도 샀지만 체구가 작으신 분들은 안 사셔도 될 듯 싶어요.
12,3,배송은 빨리왔고 상품도 기본에 충실한 튼튼한 제품같아 마음에 듭니다 그러나 포장상태는 엉망이네요. 포장이랄것도 없이 분리된 의자를 비닐만 싸서 상자에 담겨져 왔던데 어디 부러지고 찢어지진 않았지만 택배배송 특성상 여기저기 긁히고 찍힌 흔적들이 많네요. 무게가 많이나가고 크기가 있어서 완전한 포장은 기대하기 어렵겠지만 최소한의 충격완화는 필요하다고 봅니다.
12,5,아이가 늘 허리가 아프다고해서 의자구입에서 그부분에 가장 신경이 많이 쓰였는데 허리가 편안하다고하니 이제품을 구입하길 정말 잘했다싶어요 그리고 저희 위층 의자 끄는 소리가 거의 노이로제 수준이라 의자바퀴소리에 많이 민감한편인데 이의자는 바퀴소음이 거의 없어서 그것도 대단히 만족스럽네요 우리윗집에 사는 개념없는 인간들도 이제품으로 좀 바꿔 줬으면 좋겠네요 ㅠㅠ
12,5,의자는 좋은 걸 써야한다고들해서 ㅅㄷㅈ니 ㄷㅇㅂ등등을 보다가 자취하는 입장에 너무 부담스러워서 상품평 믿고 질렀는데 지금 아주 만족스러워요 배송은 이틀반나절로 적당히 빨랐고 배송상태 만족스러웠구요 조립도 여자 혼자라 어려울까봐 걱정했는데 딱 네파츠 끼우고 돌려주는 것 밖엔 없네요 박스에 설명서도 있구요 밥 먹다말고 오분만에 조립해서 앉았습니다 질도 괜찮은 것 같아요 물론 오래 써봐야 아는 거지만 일단은 매우 편하고 만족스럽네요 딱 두가지 아쉬운 점은 기능엔 별 상관 없는 것 같긴 하지만 의자 등판과 의자 받침 사이의 스프링?재질이 좀 찌그러져서 한쪽으로 쏠린거랑 두번째는 취향 나름이지만 여자방에 너무 시커먼걸 놓았나...하는 아쉬움이 ㅎㅎ 덕분에 좀 더 고급스럽긴 합니다 무튼 후회없는 구매였구요 좋은제품 감사해요 많이 파세요~!
12,5,전에 있던 의자 다리가 부러져서 급하게 하나 샀는데 편한게 튼튼하니 만족스러워요. 의자를 비싼 돈 주고 사기엔 아까워서 조금 이나마 아끼고 싶어 알아보다가 가격 착하고 상품평이 좋아 바로구매 사진은 없는데 큰 박스에 안전하게 포장되어서 오고 배송도 빠르네요 또 조립이 간편하고 설명서에 자세히 표시되어 있어 여성분들도 손쉽게 하실꺼 같아요 요헤드 추가하고 의자쿠션 빵빵하니 이거 안했으면 휘회할뻔 사람마다 다르건 하겠지만 확실히 편합니다 앞으로도 믿겠습니다 번창하세요!
12,5,"책상 의자가 고장나서 앉으면 허리가 아프더라구요. 그래서 어디서 어떻게 사야 하나 고민하다가, 혹시나 싶어 11번가에서 의자 검색해봤는데 상품평도 엄청 많고, 대체적으로 평도 좋길래 구입했어요~ 구입해도 조립을 제가 해야 해서, 사실 조립이 어려우면 어쩌나 무지 걱정했거든요ㅠ 전 드라이버 같은 것도 필요할줄 알고 긴장했는데, 손으로도 가능해요ㅎ 설명서 보고 하니 금방 조립 다 할 수 있더라구요^^ 어머니께서도 저보고 '니가 조립한게 신기하다' 라고 하셨는데 기계치인 제가 조립할 수 있을 정도로 쉬우니, 저처럼 조립 걱정하시는 분들은 걱정 마시고 원하는 사양 꼼꼼히 살펴보시구 구입하시면 될 것 같아요^^ 바퀴도 부드럽게 돌아가고 앉으니 편안하네요~ 지난번에 쓰던 의자는 목받이가 없었는데 목받이가 있으니 이렇게 편한ㅋㅋ 많이 파세요^^"
13,5,"11번가에서 물건을 여러개 동시에 주문하였는데 의자가 제일먼저 발송했다고 문자왔어요. 물건도 빨리 받고, 두근거리는 마음으로 개봉해서 조립설명서를 찾는데 아무리봐도 없더라구요,,그래서 혹시나하고 박스에 봤는데 박스윗부분에 설명이 있더라구요~ 조립도 별로 안복잡하고 뚝딱 끼워서 만들었어요^^ 분홍색깔 너무이뿌구요>.< 앉는 부분 두께가 두꺼워서 앉으니 너무 편했어요 싼가격에 득템했네요 ㅎㅎ 그런데 가죽이다보니 등을 뒤로 기대고 할때 가죽끼리 부딪쳐서 삐걱거리는 소리가 나요~그래도 만족합니다^^"
13,4,구매한지 얼마 되진 않았지만 가격 대비 의자의 견고함이나 내구성은 아직까지 느끼기에는 괜찮은 것 같습니다. 여자분들이 쓰기에 적절한 시트 크기인데 대요추까지 생각보다 먼 느낌입니다. 하지만 대요추 없으면 등받이까지 더 멀다는 느낌이 들어서 허리가 불편했을 것 같습니다. 색깔은 메쉬 오렌지인데 좀 튀네요. 조립하기는 쉬웠는데요 물건은 멀쩡하지만 포장상태가 영 좋지 않았습니다. 포장박스가 좀 이그러져 왔어요. 경비실에 맡겨뒀는데 들고 올라올때 애를 먹었습니다. 무겁고 부피도 큰데 들고 오기 불편하더라구요. 하지만 전체적으로 저렴한 가격에 쓸만한 제품입니다.
13,5,"컴퓨터 앞에 30분만 앉아있어도 목이랑 어깨가… 특히 허리가 너무 아파서, 좀 가격을 주고라도 편한한 의자를 사려고 했는데, 딱만났습니다! 색상도 저희 집 책상이랑 너무 잘 맞고, 이정도 가격에 보장되는 것들과 상품질은 비교가 안될만큼좋으네요. 사진상으로 봤을때 의자가 딱딱하거나, 또 차갑지않을까 걱정했는데, 실제 받아서 조립하는 것도 쉬워서 여자인 제가 혼자 조립하고 딱 앉아보니 너무 물렁하지도 않고 딱 적당한 푹신함이 너무 편하더라고요. 하루 종일 중에서 제일 편안했습니다. 옵션도 색깔도 여러가지로 정할수있으니까 더 좋고요^^ 요추도 처음보는 것이라, 하지말까도 생각했었는데, 허리가 안좋아서 주문하고 보니, 보통의자가 받쳐주지 못하는 허리부분을 딱 체우고 받쳐주니까 너무 좋았습니다. 너무너무 맘에들고 적극추천입니다!!"
13,5,"집에서 사용하는 의자로 주문한 제품이예요~ 처음에는 간단하게 저렴한 제품으로 정할려고 하다가, 제가 컴퓨터 사용을 많이 하는 편이라 고민하다~~ ㅋ ㅋ 사진모델로 구입하게 되었습니다. 가격이 있긴 하지만 다른 쇼핑몰과 견주게 된다면 비싼건 아니더라구요!! 늦은시간이나, 잠깐 휴식시간에 뒤로 길게 기대거나 발을 죽~~ 내밀어서 누워있을때는 참 안정감을, 편안함이 느껴집니다~ 조립할때는 아들하고 둘이서 했는데, 처음의 막막함이 사라지면서 완성도 되어가는 뿌듯함이 짠 ~~ !! 한달째 사용중인데 무난하게 쓰고 있구요~ 무게감은 중량급정도? 꾸준하게 이용할 수 있을것 같네요. 감사해요^^ 많이 파세요~~"
13,5,"포토리뷰는 처음 써보네요. 그만큼 마음에 들어서 써봅니다ㅋ [테이큰 완성형-그레이 메쉬]구매했습니다^^ 장점1) 가격이... 저렴하다고 생각합니다. 집에서 간단하게 노트북작업할때 사용겸 편한 의자를 서칭하던중. 무의식속에 '의자는 듀오백'이라는 잠재의식으로 검색질. 엄청 비싸더군요ㅠ 그러던 중 이 마이홈의자를 찾았는데 제 예산선에 들어오면서 허리가 편해보여서 선택! 잠정2) 실사용결과는... 역시 허리가 무지무지 편합니다. 허리라인을 살짝 잡아주니까 평소 허리자세가 나쁜 저로서는 무진장 좋네요^^ 그래서 저는 엉덩이를 바짝 붙이고 척추를 그 날개라고 해야되나? (용어를 몰겟네) 암튼 세웁니다. 좌우로 앞뒤로 유동적으로 움직여주니까 또 편하구요. 장점3) 상품선택폭이 넓어 좋네요ㅎ 우선 처음봤을때 테이큰 아테나 머머(이름이 머더라)로 구분되어 있고. 그 대분류에서 기능별 소분류. 자신이 원하는 사양(?)에 맞게 되어있어서 선택의 폭이 좋아요. 그리고 제품별로 색상도 다양해서 좋더군요. 장점만 쓰면 아쉽죠ㅋㅋ 아쉬운점 겸 건의사항같은 것좀 써볼께요. 아쉬운점1) 박스에 조립과정이 적혀 있어서 설명서가 없는 것은 이해하지만 ... 공구없이 편하게 조립은 가능하고 조립과정도 박스에 있는 설명대로 하면 쉽지만! 하지만~ 간단한 조립기능을 알수가 없어요ㅠ 즉, 의자를 많이 구매해본 사람은 알겠지만 제 돈주고 의자를 처음사보고 조립을 해보니까. 등판과 좌판을 연결할때, 이게 높낮이조절이 되는건지 아니면 원래 바짝내려붙히는게 맞는건지 혼란스럽더군요. 전 그냥 최하높이에서 살짝 오려서 힘으로 꽉조여씁니다 ㅎ 아쉬운점2) 의자 팔걸이 부분에 그 은색메탈부분에 녹이 아주살짝 끼었어요ㅠ 머 눈에 띌 정도가 아니라서상관은 없는데 성격이 깔끔지랄이라ㅋㅋ  외에도 친절한 문자서비스, 부품구매가능, 국내제조 등등 자질구레 얘기하고 싶은데 어쩌다 글이 너무 길어져서 줄입니다.ㅋ 포토리뷰 이벤트로 머 받아먹으려고 쓴 것도 아니고 저처럼 머 하나 사더라도 검색질을 많이하고 그로 인해 피곤한 (대충사고싶은데 성격이 지랄이라 검색질을 너무 많이해서 스스로 피곤ㅠ) 사람들을 위해 남깁니다. 바쁜 현대인들의 여유시간을 조금이라도 줄여주는 글이 되었길 바랍니다~^^"
13,3,배송은 이상없이 왔습니다. 조립은 거의 그냥꽂으면 되는 수준입니다. 저가의자라 큰기대는 하지않았지만 역시나 아쉬운 점이.... 우선 176cm 키에 의자최고높이가 조금 낮은감이 있습니다. 테이블높이74cm 인데 마우스 키보드두드리다보면 의자팔걸이에 팔이닿지않아 어깨에 무리가 많이갈듯합니다. 좌판설치시보니 방석?쿠션? 여튼 얇은 합판이 받치고 있던데 합판에 금도 조금있고 약해보였습니다. 허리 받쳐주는거 대요추좌판? 이걸하면 쿠션면적이작아서 몸이 앞으로 미끄러진다는 후기를보고 주문하지않았는데 쿠션면적 넉넉합니다. 주문안한거 후회되네요. 가격대비 편안함이 있네없네하는건 아닌거 같고 오랜시간 앉아서 일보실거 아니면 쓸만하다고 생각합니다.
13,2,"약 1년 4개월 정도 사용하였는데요 의자 가죽이 완전 ㅜㅜㅜ 다 갈라졌어요. 의자를 험하게 쓰는 편도 아니고,대부분 방석을깔아쓰고 했는데... 1년이 지나서 무상 서비스도 못 받고... 사실 이렇게 된지는 몇달 됐어요 ㅜㅜㅜ 확실히 이런 제품은 1년은 써봐야 제품 품질을 알 수 있나 봅니다... ======================================================= 기존에 쓰던 의자 허리축이 부서지면서 새 의자를 구매 해야 해서 처음에는 보기에 좋은 디자인 체어를 살펴보았습니다.그러나, 아무래도 아직 공부를 해야하는 상황이라서저렴하면서도 편안한 의자를 찾아 한참을 헤매다가 오픈마켓에서 부동의 1위를 달리는 마이홈의자를 만나게 되었습니다. 섬세한 상품 설명과 (특히 저렴한 의자를 구매하면서 걱정이었던 중심봉 관련 설명이 결정적!!) 구매자의 취향에 맞춰 다양한 옵션을 선택할 수 있다는 점, 무엇보다 많은 분들의 좋은 후기에 이끌려 구매하게 되었네요. 판매 1위의 믿음도 있었구요. 주문 다음 날 길고 상세한 해피메세지가 도착해서 케어 해주시는 느낌이 좋았어요. 일단 큼지막한 박스가 도착하고, 박스 상단에는 이렇게 의자조립설명서가 프린트 되어 있습니다. 사진에는 없지만, 따로 동봉된 설명서에는 사진과 함께 좀 더 간략하게 설명이 되어 있었습니다. 의자 대부분이 플라스틱으로 이루어져 있어 생각보다 그렇게 무겁진 않았습니다. 박스 안에 잘 포장되어왔구요, 꼼꼼한 포장은 아니었지만 손상없이 잘 도착했네요. 저는 W쿠션+크롬도금삼각팔걸이+헤드+올블랙+레자 옵션으로 주문하였습니다. 기존에 사용하던 허리 쿠션이 있어서 요추는 따로 신청하지 않았네요. 짠!! 완성된 모습입니다. 조립하는 데 5분도 안 걸립니다. 드라이버와 같은 공구가 전혀 필요하지 않고, 그저 제자리에 맞춰 끼워주면 끝!! 제 방이 전체적으로 색이 많은 편이라서 일부러 블랙으로 골랐는데 탁월한 선택인 것 같습니다. 아주 심플하고 고급스러워 보여서 마음에 들어요. 개인적으로 매쉬보다 레자를 선호해서 구매했지만저렴한 느낌이 많이 날까봐 걱정했는데 레자도 괜찮은 품질이네요.다만 처음이라 그런지 냄새가 조금 납니다. W쿠션의 경우 아주 푹신하진 않지만 어차피 방석을 깔아주기 때문에 적당합니다. 등받이 부분도 적당하고 편하고 좋아요. 개인적으로 다리를 스틸다리로 변경할까 말까 망설였는데 플라스틱 다리도 꽤 튼튼하고 좋네요. 그리고 플라스틱 바퀴가 굴러가는 느낌이 생각 이상으로 부드럽네요.높낮이 조절도 잘 되구요. 다만, 등받이 기울기 조절하는 원형 나사(?)는 의자에 앉아서 조절하기가 힘들다는 점이 아쉽네요. 기울어진 상태에서 고정하는 것도 안되구요. 그 기능을 많이 쓰시는 분이라면 아쉬울 수도.. 저는 웬만하면 등받이를 원래 모양대로 고정해서 사용하는 편이라 크게 상관은없지만요ㅎ 뒷면입니다. 주니온 모델이라 그런지 의자 크기가 크지 않고 딱 좋아서 좁은 방에도 안성맞춤이네요. 170 여성인데 잘 맞아요. 사진은 헤드 조절이 아직 안 된 상태인데 조금 올려서 쓰니까 딱 좋아요. 앞면만 보면 괜찮은데 군데군데 자세히 보게되면플라스틱으로 마감이 되어 있어서 뒷면이나, 마감 이음새 같은 부분은몇십만원 대 의자처럼 아주 고급스럽진 않습니다. (개인적으로는 특히 헤드 이음새 부분이 그렇게 느껴지네요.) 그래서 기본 T자 팔걸이에서 스틸 팔걸이로 변경한 것인데 이 부분은 만족스럽습니다. 그렇지만 그런 부분이 눈에 안 들어올 만큼 장점이 훨씬 큰 의자입니다. 사실 시중에서 5만원에 어디가서 이런 의자 하나 사라면 절대 못사니까요. 게다가 발품 팔 필요 없이 손가락 클릭 하나로 가구를 주문 다음날 집에서 받아보는 편리함이란!! 못해도 두 배 이상 값은 하는 것 같아요. 만족합니다. 주변 사람들에게 추천도 해줄 수 있을 정도의 만족감입니다. 좋은 제품과 더불어, 서비스 마인드도 굉장히 투철하신 것 같네요. 지금처럼 초심을 잃지 않으신다면 더욱 더 크게 성장할 수 있는 회사가 될 것 같습니다. 좋은 물건과 서비스 감사드려요!!"
13,5,일단 배송 단 하루만에 왔구요 배송 하시는분도 무거우실텐데 매우 친절하시더라구요 그간 컴터용 의자를 산다산다 했었는데 미루고 미루다가 드디어 질렀습니다 11번가를 주로 이용하는데 여기가 젤 나아보여서 들어왔구요 여러가지 제품들 후기들 꼼꼼히 읽어보고 가격대비 그리고 내 체형에 맞는 의자를 찾다보니(워낙 이런거 사는거에 꼼꼼합니다) 7002 제니스 프리미엄 등받이 각도고정 듀얼을 사게 되었네여 제니스 프리미엄은 후기가 별로 없더라구요 처음엔 이렇게 되어있구요 조립전에 매우 설레었습니다 냄새도 없고 매쉬소재라 시원할것 같았구요 팔꿈치 걸이도 매우 편해 보였고요 쓰고있는 지금도 편합니다 의자 밑에 섬세하게 기름칠도 되어있더라구요 굿굿 다리도 스틸로 시켜서 내구성 걱정은 안합니다 인테리어 효과도 있는것 같습니다..!! 자 설명서도 이렇게 꼼꼼히 나와있는데 조립 정말 쉽습니다 여자분들도 10분이면 끝나요 단단히 고정만 잘 시켜주심 됩니다 또 모르시면 홈페이지 들어가면 조립 및 포장(교환??) 동영상이 첨부되어 있으니 보고 하시면 될것 같구요 남자분들은 걍 눈대중으로 조립 가능합니다 요렇게 3단마게를 넣어주시구요 진짜 보면볼수록 가격대비 짱짱임!! 바퀴는 또 ?케 부드럽게 잘 굴러가죠? 중간부분 조립 사진인데 그냥 홈에 의자 가운데를 끼워만 주시고 무릎으로 약간만 눌러주시면 됩니다 참 쉽죠잉?!! 튼튼합니다 젤 맘에 드는 부분 팔걸이 홈부분 ㅎㅎ 상단 연결 후 모습입니다 이것도 쉬워요 걍 의자 뒤 밑부분에쇠 홈이 있는데 거기에 끼워 넣어서 고정만 시켜주면 된답니다 고정핀을 너무 세게 안돌려도 되요 소재 자체가 워낙 튼튼해서 살제로 보심 아실거에여 자 머리부분 연결 후 모습입니다 완성이죠? 자신의 키와 앉은키에 맞추면 됩니다 앉아보니 매우 편하네여 목이여 빨리 영화 한편 보고 싶네여~! 아 참 그리고 이 의자 상단 각도 조절 됩니다 제 여동생이 165 어머니가 160 제가 175인데 모두에게 맞게 조정가능합니다 머리부분두요(처음부터 원하는곳까지쑥쑥 돌아갑니다) 지금 매우 편하게 누워 앉아서 글쓰는데 넘 편합니다 특히 엉덩이부분 등받이 매쉬부분 아주 기분좋게 묘하게 푹신푹신 합니다 옆 모습입니다 간지나죠? 피씨방의자 같은 웅장함 이건 제가 가지고 있던... 참 초라하네여... 왜 미루고 미뤘는지 아이고 내 허리! ㅡㅡ 이런 사구려 의자는 쓰지 마세여 ㅡㅜ 재활용에 투척하고 왔네여 ㅎㅎ 비교샷 입니다 ㅎㅎㅎ 실제로 보면 더 고급스럽습니다. 매우 편하구요!! 돈 들인값 합디다!! 이 글 보시는 여러분도 본인 체형에 맞게 가격도 꼼꼼히 따져보시고 후기도 많이 읽어보시고 구매하시길 바랍니다 의자는 내 자세와 허리를 만듭니다 좋은의자 나에게 맞는의자를 찾는게 중요합니다 인생도 마찬가지죠 말이 기네여 젊은놈이... 그럼 다들 행복하세여~! 근데 의자가 너무 튼튼해서 추후에 AS 받을 필요가 없어보여요.. ㅎㅎ (이번 12월에 이사를 가는데 여동생 의자 하나 핑크색으로 사줄려구요)
13,4,"사실 듀오백이니 허리 받침 의자니 하는 이름이 붙기 시작하면서 의자들의 가격은 기본이 10만원을 훌쩍 뛰어 넘게 되더군요. 대량 생산, 기술 혁신 등은 해도 가격은 별 차이가 없는 것 같습니다. 이 제품도 수많은 할인을 해도 7만원 중반 정도의 가격이 되는 의자입니다. 이런 저런 다른 의자들 보다가 최종적으로 낙찰을 해서 샀습니다. 우선 배달도 원하는 날짜에 아무런 외관상 문제없이 잘 도착했습니다. 굉장히 큰 네모난 박스에 담겼지만 생각만큼 무겁지도 않고 무엇보다 내부 구성물을 보니 허허허허허.. 방바닥에 구성물을 내려놓아 봤습니다. 대략 5분이면 조립이 완료됩니다. 비닐 뜯는데 3분+조립하는데 2분... 조립시신경 쓰실 곳은저 큰나사가 필요한 2 군데 뿐입니다. 저걸돌려서 뽑고 각각 아래 위 꽂고 다시 돌려주면 끝. 그래서 그런지조립 설명서따위 전혀 없더군요. 완성본입니다. 뽀대도 나고, 외관 내관 모두 마무리도 깔끔합니다. 특히 바퀴쪽 지지대의 아랫부분이 보통 마감이 안되어 날카로운데 이 제품은 매우 잘 되어 있습니다. 이 부분은 정말 맘에 드는군요, 그외에도허리 부분을 받쳐주는 쿠션도 좋고, 등부분의 메시(mesh) 섬유 같은 것도 꽤 재질의 감촉이 좋습니다. 공기도 통하고, 냄새도 잘 안 배길것 같고요.. 바닥쪽 쿠션도 푹신푹신하면서도 모양이 그다지 변하지 않아서 엉덩이에 잘 맞고요.. 아.. 그런데 정말 안타까운 부분 하나가 바로 이 팔걸이 입니다. 물론 대부분 의자들이 좀 튼튼한 팔 걸이는 위처럼 되어 있는데 이런 경우 컴터 의자의 로망(?!)인 의자 위에서 양반다리 하기가 불가능합니다;; 물론 뭐 딱히 안 하는 분들에겐 상관없지만 영화라도 볼때 양반다리 하고 뒤로 살짝 기대어 보는 맛이 있어야 하는데... 저건 나중에라도 탁찰식으로 분해가 되는지 한번 확인해 봐야겠습니다. 여튼 그런 면을 제외하면 딱 봐도 엄청 튼튼하게 생겼기에 안정감은 많이 받는군요. 결론적으로 아무 의자나 10만원을 찍는 이 시대에 참으로 적절한 가격과 성능을 가진 의자라는 생각이 드네요."
13,5,저는 30대중반의 회사원입니다. 집에와서도 일을 해야 하기에 의자를 신경써서 바꾸었습니다. 배송은 하루걸렸습니다. 빠른거죠. 이틀정도 생각했는데... 제품의 포장상태는 매우큰 박스에 보장되어 마침비도 안와서인지 잘 왔습니다. 구매전에 Q&A를 통해서 방수재질인지 확인하였는데 마침 고르려던 검정색이 방수 재질이라고 답변이;;; 다음달부터는 전제품이 방수메쉬원단으로 바뀐다고 하십니다. 참고하세요 아쉬운점이 있습니다. 양팔걸이는 마무리가 잘되서 거친면이 없습니다. 그런데 등판쪽은 테두리의 마감이 아쉽네요. 날카로운 부분이 있습니다. 마이홈의자 측에서 이부분까지 신경썼다면 저는 불만사항이 한가지도 없었을듯해요. 아테나 의자를 선택했는데요. 사이즈가 생각보다 큽니다. 피씨방의자보다 조금더 크다고 보심되요. 제가 180Cm인데 앉으면 뒷목이 아니라 뒷머리에 헤드레스트가 닿습니다. 뒤로 고정이 안될까봐 걱정했네요. 그런데 흐느적거리지 않습니다. 저의 큰몸을 튼튼하게 받쳐줍니다. 엉덩이의 쿠션두깨는 성인손가락 두마디가량 됩니다. 이부분은 생각보다 얇네요.메모리폼이 아닌 일반 압축스폰지인듯합니다. 결론은 의자가 좋기에 어차피 살다보면 바퀴한두개 부러지고 엉덩이 쿠션 주저 앉는다는건 다 아실겁니다. 적당히 손봐가면서 오래쓸수 있는 의자임은 확실하네요.
14,5,"안녕하세요? 최근 마이홈 의자(모델명=3026[주니온]완성형+대요추+헤드,색상선택:O.레자가죽[올블랙])를 구입한 고객입니다. 매장에서 직접 눈으로 보고, 앉아 보고, 굴려도 보고...요모저모 확인하고 구입하는 게 원칙인데 매장에 직접 갈 상황이 되지 못해 예외적으로 온라인 구매를 하게 됐습니다. 모니터에 나오는 수 십개 제품들은 컬러풀한 모습으로 저마다의 매력을 뽐내고 있어 어떤 제품을 골라야 할지 참 막막했습니다. 한참을 고민하다 마침내 위 제품 구입을 결정하고 결제, 주문을 완료했습니다. 제품은 정확히 만 하루 지나서 배송지에 도착했는데 배송의 신속성과 포장, 그리고 박스 내부 새제품의 상태 모두 만족스러웠습니다. 신속, 정확하게 배송된제품 박스 남성은 물론 여성도 쉽게 조립할 수 있는 설명서(별도가 아니라 박스 상단 눈에 띄게 그림과 글이 함께 있어 제품을 꺼내 조립하면서도 편하게 작업할 수 있었습니다)와 바퀴, 축, 안장, 등받이, 머리받이로 구성돼 있었습니다. 각 부문은 투명비닐에 밀봉돼 있어 훼손없이 잘 보관돼 있었습니다. 특히 화학제품을 사용한 새 제품(플라스틱류, 레자류 등)임에도 불구하고 걱정하던 화학물질 냄새는 없었습니다. 때문에 조립할 때도 찡그릴 일이 없었죠.^^ 올 블랙 색상으로심플하면서도 무난하며,레자 소재 안장은 청소 등 관리가 편하다 박스 위 설명대로 조립을 마친 뒤, 의자에 앉아 봤습니다. 쿠션이 두툼한 안장은 편안한 착석느낌을 주었고, 튼튼한 바퀴는 의자를 움직일 때 안정감을 주었습니다. 등받이에는 대형 요추 지지대가 있어 건강한 척추모양과 올바른 자세를 자동적으로 만들어줬습니다.(사실 앉았을 때 요추를 지지하고 바른 자세를 만들어 줄 수 있는가 하는 것이 제가 의자를 구입할 때 가장 중요시 하는 부문입니다) 양쪽 팔걸이는 일어날 때 힘을 지지해 주고, 앉아 있을 때는 팔을 받쳐줘 실용적이었습니다. 안장 아래 둥그런 조절장치를 조이고 풀어 등받이의 젖힘 각도를 맞춤형으로 조절할 수 있게 해준 틸팅기능도 돋보였습니다. 머리받이는 높낮이와 각도 조절이 함께 돼 몸에 맞도록 맞출 수 있었습니다. 이렇게 새 의자에 앉아 컴퓨터 작업을 2시간 했는데, 엉덩이와 허리, 등과 머리를 잘 받쳐주고 잡아줘 피로감을 거의 느낄 수가 없었습니다. 등받이와 머리받이는 높이 조절이 가능하고, 안장 하단에는 틸팅용잠금/풀림 장치가 있어 개인 체형에 맞춰 편안하게 사용할 수 있다.실용적인 양 팔걸이와 튼튼한 바퀴 역시 제품 구매력을 높여주는 부문이다 강추합니다! 가격 대비 이만한 의자, 구입하기 쉽지 않을 것입니다. 온라인 구매에 대한 걱정과 편견을 깨준 의자입니다. 의자제품은 물론 제조, 판매회사인 '마이홈' 제품에 대해서도 신뢰와 감사를 드립니다. 이상으로 두서 없는 제품 구입평과 사용후기를 마칩니다.사업 늘 번창하시길 바랍니다. ^^ 감사합니다."
14,5,컴퓨터 사면서 의자 책상구입하눈데 따로구입하느라 애먹었네여 같이 팔면좋을텐데.. 배송은 빨리 왔어요 출근시간 맞춰서 가져다달라고햇는데 아침부터 배송왔구여 의자 종류가 너뮤많아서 어찌할까 고민하다 저렴하게 갔어요 W하길 잘햇어여 푹식하더군요 요추는 안햇는데 불편해여 근데 요추도 맘에안듬 ㅎㅎ 걍 기본은 없드라규여...ㅠㅠ아쉬움 장시간 게임해봤는데 등이 너뮤아퍼여 ㅠㅠㅠㅠ 장시간 앉아잇음 땀찰수도잇구여 ㅎㅎㅎㅎ 메쉬는 통풍잘되게ㅆ져? 조립은 매우 쉬어요 ㅎㅎㅎ
14,5,친절문자까지 주시고... 조립도 그다지 어렵지 않고요. 아주 쉽습니다^^ 어디 몇군데 까져서 오긴했지만 편하고 좋기만 하면되니 별 신경 안씁니다. 사진이 뉘어져서 나왔는데요.. 제키가 170인지라 작을까봐 걱정했는데 큰키에 주니온은 적절하지 않은듯 하지만 대략적으로 기존에 쓰던 의자보다 많이 편하고 좋아서 쓰려합니다. 또한 헤드도 같이 구입하려 했으나 헤드의 길이가 회사마다 다르기 때문에 짧을까봐 주문을 안했는데 잘한 선택이었던 것 같구요.. 등받이가 큰 키이신 분한테는 다소 작을 수 있으니 헤드까지 시켰었다면 ㄷㄷㄷ 일단 앉아보니 쿠션감도 좋고 높낮이 조절도 잘됩니다. 의자를 끓어당겨 앉을때 미끄러지듯이 끌려오는 점이 매우 마음에 들고요.. 그전꺼는 끌려올때 불편했거든요... 반년 사용하지도 않았는데 새것부터 그랬으니 말 다했죠 ㅠㅠ 판매자분의 배려와 빠른배송에 감동을 받고 의자가 냄새는 나지만 인조가죽이라면 냄새나는 것은 당연하니 기분 좋게 잘 쓰겠습니다. 항상 번창하세요
14,5,"독서실 다니다가 이제 여름이라 날씨가 덥거나 비오거나 둘 중 하나일것같고...집이랑 독서실이랑도 꽤 거리가 잇어 다니기 힘들어질 것을 예상하여 군대 간 동생방에 독서실책상 들엿어요. 그 다음 의자를 여기저기 찾던 중에 마이홈의자를 알게 되어서 후기도 빵빵한 마이홈의자를 바로 구매햇어요. 24일 저녁에 구매하고 26일 오후에 받앗으니 배송도 빠른편이엇으며, 판매처에서 해피문자?라고 배송현황, 조립방법을 볼수잇는 홈페이지, 서비스내용 등을 친절하게 보내주시는 것 보고 미리 감동*.* 물건받고 바로 조립 고고~ 여자인 제가 해봤는데요. 조립이 정말. . . 쉬웠어요!! 그냥 2분? 3분? 뚝딱뚝딱!! 완성! 조립전 슥 살펴보니 회전중심봉에 3단 플라스틱이 조금 파손되어 와서 바로 서비스센터 전화햇더니 빠르면 ㄷㅏ음날 받으실수잇게 조치해주신다고 하더라구요. 짱! 그러나.기다릴수없어서 일단 조립해보앗습니다ㅋㅋㅋ쿠션도 푹신하고 좋고. 여름이라 땀찰까봐 뜨게질커버 깔아놨구요~ 플라스틱 커버가 크게 상관은 안하지만 그래도~홍홍 아 그리고 바퀴!! 겁나 부드러워요 ㅋㅋㅋㅋㅋ 소리도 안나고 그렇다고 막 앉아있는데 뱅글뱅글 돌고 그러진 않구용 ㅎㅎ 아.. 너무 입이 닳게 칭찬만 한 것 같네요;; 암튼 여기서 줄이겠..어요.....ㅋㅋㅋㅋ 가격도 저렴 배송도 빠름 제품도 좋음 서비스 우왕굳 강츄합니돠~~~♥"
14,5,솔직히~ 의자업계 1위라는 광고를 보고 혹해서 구입하긴 하였습니다. 그런데 의자 업계 1위라는 말이 괜히 붙은 말이 아닙니다 !!! 1. 배송 상품 구매일은 11월 03일 늦은 저녁 결제 완료를 하였습니다. 다음날 1시에 한진택배로 발송되었다는 문자를 받았고 그 다음날인 11월 05일 오후 3시쯤 친절한 택배 기사님께서 배송전에 문자와 연락을 주셨답니다^^ㅎㅎㅎㅎ 배송은 11월 03일 결제완료 / 11월 04일 발송 / 11월 05일 배송도착 ^^ 2. 배송상태 일하는 시간대에 배송을 해주셔서 지하실에 넣어달라고 부탁드렸더니 굴릴 줄 알았는데 친절하게 차곡차곡 쌓아주셨어요 ^^ㅎ 의자를 2개 구입해서 무거우셨을텐데 택배 기사님께 감사했어요 ㅎ 3. 상품상태 상품 상태는 아주 깔끔했습니다ㅎ 박스 포장을 풀때 각각 개별포장 되어있었고 구입한 의자가 두가지이다 보니 어떤 의자인지 구분가기 쉽도록 초록색.분홍색 테이프로 구분지어주셨어요 ^^ 박스 겉 표면에도 쓰여있지만 좀더 쉬운 의자 조립설명서도 같이 보내주셨어요^^ 제가 구입한 상품의 종류는 2가지 입니다. 주니온/ w형쿠션+대요추 / 레자가죽 / 투톤핑크.투톤그린 w형 쿠션은 좀더 두툼하고 푹신푹신 할 것같아 선택하였더니 역시나 굳굳 컴퓨터 앞에 장시간 앉아 계시는 분들이라면 대요추 옵션 추천해드려요 ^^ 허리 부근에 있어서 등을 받쳐줘서 더 편하게 느껴집니다 ㅎ 색상은 딱 예쁜 핑크 그린 색이였습니다 ^^ 그런데 아무래도 가죽이다 보니 가죽냄새가 있긴 있어요 ^^ 새것이니 냄새가 나기야 하겠지만 사용하면서 없어질 것같아요 ^^ 의자 이 곳에서 하길 잘했다는 생각 듭니다 ^^ㅎ
14,2,"상품 수령후 조립하다보니 다리에 작은 스크래치가 있었지만 인테리어 소품도 아니고상관 없었습니다. 박스 접을때 보니 밑 부분에 저렇게 박스 손상이..저기가 뚫리면서 작은 상처가 생겼던 듯 합니다. 택배사 직원분들이 의자가 무거웠던가 봅니다 ;; ㅋ 그런데 의자 앞부분 오른쪽 부분하고 왼쪽 부분 확연한 마감 차이는 기분이 안좋더군요. 거기에 의자 뒷부분 레자는 오래되서 터진듯한 상처, 그리고 손으로 만지면 꼭 몇년은 사용해 말라버린 레자에서 나는 듯한 뽀시락? 거리는 소리와 촉감에 실망감이 생겼습니다. 그리고 결정 적으로... 4년정도 잘 사용하던 의자 파손으로 갑작스럽게 의자를 구입하면서 피씨방 의자(일명 사장님의자?) 등등 고민을 하면서 본 상품을 구입한 큰 이유중 하나인 요추 시스템...개인 차이가 있겠지만 저에겐 너무 실망 스러웠습니다. 쿠션이 얇아서 허리를 바로 세우면 정작 닿지도 않아서 자세 잡는데 도움이 안되네요. 그래도 교환이나 환불은 다시 포장해야 하고, 택배사를 기다려야 하는 귀차리즘에 이것 저것 눈 감고 사용하기로 마음을 다잡고 사용중 인데... 보름정도 사용한 지금3~4일 전 부터 등받이에 기대면 뚝뚝? 똑똑? 이런 얇은 철판을 구부렸다가필때 나는 비슷한 소음이 들리고 있습니다. 물론 가격이 비싸지 않은 상품이고 소모품이니 2~3년 사용하면 잘 쓰는거라 생각 했지만 확실이 아쉬운점이 많네요. 구입 하시는 분들은 요추쪽엔 너무 큰 기대 마시고 옵션에서 요추 정도는 빼고 구입 하시는 것도 좋을듯 합니다. 본 상품을 구입하고 가장 큰 장점을 꼽자면...조립은 너무 간단하네요.. 설명서보고 그냥 순서대로 얹으면 된다는 느낌... 누가 추천 해 달라면 추천은 못해줄 상품입니다."
14,5,"지금 사용하던 의자 등받이가 분리가 돼서 자꾸 양옆, 앞뒤로 움직이는 바람에 장시간 앉아있으면 허리가 너무 아프더라구요. 그래서 싸구려 의자를 사느니 돈을 좀 들여서 좋은걸 사자 했는데 마침 적당한 가격에 좋은 제품 찾아서 기분 좋습니다 ㅎㅎ 주문이랑 배송까지 이틀 걸렸어요. 제가 사는 지역 한진택배가 배송이 너무 느려서 이번에도 늦게 오겠구나~ 하고 기대도 안하고 있었는데 좀전에 택배 아저씨가 어느샌가 물건을 마당에 두고 가셨어요-_-;;; 정말 빨리 올땐 빨리오고 늦게올땐 더럽게 늦게 오는 한진택배에 칭찬을 해야하는지 말아야하는지.. 물건 받자마자 거실로 가져와서 박스에 적혀있는 설명서대로 조립을 했습니다. 무게가 조금 나가지만 조립하는것에 어려움은 없었어요. 아, 헤드 부분 나사 조이는것에 좀 어려움이 있었습니다;; 그래도 조립은 5분안에 다 끝났구요. 근데 바퀴쪽에 검은색 물질같은게 뭍어있는데 냄새가 좀 납니다. 바닥이 닿는곳에 뭍어있는건 아닌데 그래도 찜찜해서 닦아줬어요. 뭔가 기름?같은.... 조립 다 하고 앉아봤는데 착석감 좋습니다. 오래 앉아있는 일 특성상 쿠션이 얕은거면 엉덩이가 너무 아파서 평소 방석을 두개씩 깔고 앉아있거든요. 그래서 일반 쿠션말고 w형 쿠션을 선택했더니 역시나... 착석감 너무 좋네요 ㅎㅎ 장시간 의자에 앉아서 일해야하시는 분들은 반드시 w형 쿠션 선택하세요. 그리고 요추 받침대.. 이걸 옵션에 넣을까 말까 굉장히 고민했는데요 평소 의자에 앉을 때 허리 뒤에 쿠션같은거 꼭 끼워넣어야 허리가 덜 아프시다 하시는 분들은 대요추 꼭 옵션에 넣으세요. 요추도 일반 요추와 대요추 두가지인데 개인적으로 대요추 추천합니다. 대요추가 사이즈가 커서(등받이 가로 사이즈와 같음)전체적으로 허리를 받쳐주는 느낌이에요. 요추는 사용해보진 않았지만 사용하시는 분들의 체격차이에 따라 허리를 완전히 다 못감쌀거 같기도 하니 그냥 대요추로 선택하시는게 좋을거 같네요. 아무튼 예전에 쓰던 싸구려 컴퓨터 의자만 사용하다가 요런 좋은 의자 사용하니 일단 몸이 편해서 너무 맘에 듭니다. 최대한 높이를 내려도 살짝 높이가 높아서 키보드 좌판을 바로 앞까지 당기는게 좀 힘들어졌지만..ㅋㅋ 그래도 이 정도 가격에 이 정도 물품이면 만족합니다. 많이 파세요^^"
14,5,"한달 앉아보고 리뷰쓰려다가 너무 맘에들어서 일주일만에 리뷰씁니다 ㅎ 첨에 싼 의자를 샀는데 한달정도 앉으니까 의자가 조금 기울더라구요..;; 그래서 맨날 그거 신경쓴다고 이리돌렸다 저리돌렸다... 그렇게 앉다가 그냥 A/S 되는 의자를 비싸더라도 사자!! 라는 생각에 뒤지다가 찾은 마이홈 의자.. 일단 1년간 A/S 가 된다는것만으로도 한달 앉아서 의자가 휜다거나 하는 문제는 해결이 되니까 한번 주문해보기로 했습니다. 4가지 모델중 가장 맘에 들었던건.. 바로 아테나 랍니다 ㅎ 물론, 대요추 시스템도 맘에 들었죠 ㅎㅎ 아테나의 경우 머리받침대가 동글동글해서 고개를 뒤로 젖혀서 풀어줄수 있지 않을까.. 라는 생각에 결정했답니다 ㅎ 색깔은 와인색... 의외로 침침하지도 않고 무난하게 이쁩니다 ㅎ 전체적인 모습인데요... 확실히 의자가 작은편은 아닙니다. 그렇다고 너무 큰것도 아니구요 ㅎ 어느정도 공간이 확보 된 곳에서는 적당하겠네요 ㅎㅎ 그리고, 우레탄 5발시스템이죠? 바퀴.. 정말 조용합니다. 예전 의자가 바닥에 긁히고 드르륵 소리났던거에 비하면 정말 조용합니다 ㅎ 제가 가장 좋았던건.. 바로 의자에 앉았을때.. 뒤에서 등 펴서 앉으라는것처럼 대요추와 양쪽 날개가 자세를 잡아주고.. 오래 컴퓨터하다보면 가끔 의자에 드러눕는것처럼 자세가 내려가는데요.. 대요추에 걸려서 눕는식으로 안되고 몸이 중간에 걸린것같은 자세가 되는데... 이 자세도 예전의자에 비하면 되게 안정적입니다 ㅎㅎㅎㅎ 요점은, 의자가 자세를 잡아준다는거죠 ㅎㅎㅎ 하지만 단 하나 주의하실점....... 키가 큰 성인남성에게 딱 적합합니다... 머리 부분 포기하신다면 모를까...ㅠ 제가 앉았을때 머리 받침부분을 제일 낮춰도 뒷통수 정 중앙보다 바로 윗부분에 옵니다. 고개를 좀 숙이고 있다가 뒤로 젖히려고 해도 머리에 걸려서 안된다는 ㅠㅠ 의자가 자세잡아주고 두툼한 쿠션이 360도 회전가능해서 최고의 편안함을 제공해주면 뭐해.. 내키가 안자라는데..ㅋㅋㅋㅋㅋㅋ 모든 기능을 다 만끽하고 싶으시다면 최소 175cm 이상의 분들에게 추천하고 싶네요 ㅎㅎ 참고로 제 키는 175 미만... ㅡㅜ 1년 무상 A/S도 되면서 가격대비 상당한 만족감을 주는 의자입니다. 가정에서 쓰셔도 좋고, 사무용으로도 괜찮은것 같습니다 ㅎㅎ 좋은 물건 감사합니다^^"
14,5,"6/7에 시켰는데 9일 토요일 낮에 왔어요. 이정도면 배송일은 무난하네요~ 이런 큰 박스에 왔네요. ㅎㅎㅎ 상자를 열어보니 이런 식으로 정리를 해서 보내주셨네요~ 의자의 구성은 이렇답니다. 저희 집 거실바닥에 깔려있는 뽀로로와 함께 한 컷~ ㅎㅎㅎ 원래 핑크색을 별로 않좋아 했는데 이 의자 다른 사람 후기를 보니까 핑크가 제일 이쁘더라구요. (사실 연두색으로 사고 싶었는데 오래 되었을 때,더러워지는게 두려워서 ㅋㅋ) 설명서가 굳이 필요 없을 정도로 간단히 조립은 했지만 설마하고 찾아봤는데 박스에 이렇게 대문짝 만하게 적혀 있네요. 이걸 보고 조립하진 않았지만 잘 모르시는분은 편안하게 할 수 있겠어요 조립하는데 10분도 안걸려요~ 완성입니다. 왠지 위엄돋는데요. ㅋㅋㅋ 제방 책상에 가져다 놨어요. 근데 의자를 낮춰도키보드 트레이보다 높네요. ㅋ 그래서 키보드 트레이와 책상 사이의 공간에 높이를 맞췄어요. 이건 뭐 그닥 신경 안씀. 이렇게 집어 넣으면 끝!! 잘 살펴 봤는데요 뭐 이상 없어요 의자도 두꺼워서 푹신푹신하고 저는 대요추로 한건데요 이걸로 하길 잘 했다는 생각이 들어요 넓게 허리부분을 다 지탱해줘서 (의자에 쿠션 넣고 앉는사람임) 편안해요 쿠션 안껴도 될 듯. 후기 보다 보니까 저렴한 티 난다고 한 것도 봤는데 전혀 안그런데요?? 이걸 누가 육만원도 안주고 샀다고 하겠어요ㅋㅋㅋ 아무튼 잘쓸게요 전 만족스럽습니다. ^0^"
14,5,"매우 만족스러운 의자구매 후 나름대로 제품에 대한 평가를 해봅니다. 몇 시간을 들여 인터넷을 샅샅히 검색후 신중히 결정한 의자입니다. 제품구매는 6002메시와인색상,추가로 스틸다리옵션으로 택했습니다. 의자를 받고 조립해보니 모양새가 고급브랜드의자와 견주어도 손색이 없어 보였습니다. 의자를 감싸고있는 메쉬소재의 질감과 고급스러운 느낌이 좋게느껴졌습니다. 6002제품의 핵심인 대요추는 허리를 탄탄하게 받춰주어 안정감을 느낄 수 있도록 설계되어있습니다. 다만 의자가 뒤로 젖힐때 대요추때문에 잘넘어가지 않지만 오히려 이 부분이 개인적으로는 안정적인 느낌을 받았습니다. 이전 의자가 등받이가 휙휙 젖혀지는것 때문에 불안했기 때문에 이 부분도 만족스러웠던것 같습니다. 구조를 보니 등받이 프레임쪽의 내구성이 매우단단해 보였습니다.대요추가 한겹 더 받치고 있기 때문입니다. w쿠션이 엉덩이를 푹신하게 잘 받쳐주는 역할을 합니다. 이동시에도 의자가 부드럽게 잘 이동되어 불편함이 없으며 전체적으로 매우 만족스러운 의자입니다. 추가로 구매한 스틸다리는 플라스틱다리보다 튼튼할 것으로 생각됩니다. 사업번창하시기 바랍니다."
15,5,의자가 부서졌었습니다... 그래서 새로운 의자를 마련하고자 찾다가 11번가에서 마이홈의자를 알게 되어 주문을 했습니다. 주문하고 다음날 바로 도착을 했네요 ^^ 포장상태입니다 가지고 오다가 걸려서 살짝찍혔네요. 조립 설명서도 위에 부착되어있네요. 상자를 열어 보니 부품이 많습니다. 상자 윗면에 그려져 있던 설명대로 조립해보겠습니다 간단하게다리 중심봉 시트 등받이 총 4개의 구성이군요. 우선 다리와 중심봉을 잘 맞췄습니다. 비닐로 쌓여져있던 팔걸이... 비닐 나중에 뒤처리가 귀찮은지라 풀어서 벗겨냈습니다. 깔끔하죠? 이제 등받이 결합할 차례입니다. 이 부분을 잘 넣는것이 중요합니다.. (잘못넣다가 등받이 찢어질뻔 했습니다.. 확인 잘 하세요 ㄷㄷ;) 넣은 후 살짝 빠져나온 부분을 등받이 안에 살포시 밀어넣었더니 깔끔합니다. 완성~☆ 물품 배송 후 도착하실때쯔음 마이홈에서 문자도 날려주시더군요. 제가 주문한 것은 쥬니어 메쉬블루 입니다. 다리가 다르다고 하실 분 있는데 상담해서 저렴한 추가요금지급하고 교체받았습니다. 상담도 친절히 해주셨구요. 다만 등받이 부분이 살짝 흔들리는 느낌을 받는데나사를 2군데로 하거나 조금 더 타이트하게 꽂았으면 어떨까 싶습니다. 약간 느슨해서 조립은 쉬웠습니다만 아쉬운 부분이네요. 부품도 따로 구입 가능하니 사이트를 참조해보시는 것도 좋을듯합니다. 필요하신 부분이 있다면 상담하셔서 교체받으시는것도 좋은 방법이구요. 다시한번 친절한 상담과 신경써주신 점 감사합니다.
15,5,"제가 인터넷에서 물건사고 구매확정 해본 적이 첨 인것 같아요 ㅎㅎ 연구실에 매일 너무 오래 앉아있는데 의자가 항상 너무 불편했거든요..ㅠㅠ 공부용 의자가 아니라..ㅠㅠ 그냥 일반의자여서요 그래서 목에 목디스크가 생겼어요 항상 어깨부터 목이 아프고 두통생기구요..ㅠㅠ 근데 마이홈 의자 쓰고는 두통이 사라지고 목,어깨도 너무 부드러워?어요! 강추해요~ 저 굉장히 신중한 편인데..고민하시는분들 있으면 바로 구매하셔도 될것 같아요~~ 그럼 자세한 구매후기 들어갑니다~ 우선 배송은 하루만에 왔어요 ^^ 크기는 박스위에 30센티 자로 비교?는데 30센티자 두배정도 크기에요 박스 포장상태 넘 좋았구요 박스위에도 의자 설명서가 인쇄되어잇습니다. (안에도 따로 더 자세한 설명서가 있더라구요) 내용물은 크게 4가지로 되어있었구요 밑에 바퀴부분 , 중심봉, 의자 , 등받이가 잇구 여기에 3단펌프가 들어있었어요 조립방법은 첫번째, 바퀴판에 중심봉을 연결하구요 그위에 3단 펌프를 넣어줍니다. 그리고 두번째, 중심봉 위에 의자부분을 끼워 주엇습니다. 세번째, 의자 부분에 등받이 부분을 끼워 주엇습니다. 그리고 목과 등받이 높이는 뒤에 나사이용해서 조절하시면 되요! 그럼 완성입니다^^ 기존의자가 이런모습이엿는데.... 마이홈의자 모양도 너무 에쁘고 너무편안하고 정말 좋아요..ㅠㅠ 목뒷부분이 저렇게 자유자재로 꺽여서 받쳐주니까 천국같아요 ㅠㅠ 진작 바꿀걸.... 일자목 증후군 이신분들 강추해요! 새의자 냄새 걱정?는데 다행이 제것은 심하지 않앗구요 금요일에 받아서 주말지나고 오니 따 빠졌습니다. 그런데 크기는 큰편이 아니에요 저는 164cm 여자인데 편안할 정도구요 여성분들이 좋을것 같아요 남자분들은 크기크시거나 덩치가 잇으시면 좀 작으실 수도 있어서 주니어는 안맞을실것 같아요! 의자하나에 ㅎㅎ 기분너무 좋습니다. ㅎ 수고하세요^6"
15,4,"11번가에서 주문한 마이홈의자 주니온 완성형. 메쉬가 통풍 잘 되고 시원하다곤 들었지만 먼지 쌓이는 꼴 못 보는 내 성격에 메쉬소재는 절대 무리라고 판단, 먼지 쌓이고 뭐가 묻어도 바로 바로 닦아낼 수 있는 레자로 주문했다. 핑크와 그린을 두고 고민했는데 핑크도 예뻤지만 방에 놓으면 따로 노는 느낌일 것 같아서 무난하면서도 깨끗해 보이는 그린으로 골랐다. 대요추+헤드 포함. + 조립이 심하게 간단해서 의자가 부실한 게 아닐 지 걱정했었는데 생각보다 튼튼하고 궁뎅이도 푹신한 게 편하다. 몸을 뒤로 제낄 일이 별로 없어서(오히려 앞으로 기울여서 작업하는 나쁜 버릇이 있음) 아직까진 뒤로 제끼는 것의 불편함은 느끼지 못 했다만, 느낌이 나쁘진 않다. 돈 좀 더 낸 완성형은 궁뎅이 좌판 쿠션 높이가 12cm라고 하는데 회사에서 쓰는 의자의 기본 쿠션과 비교하면 확실히 편하긴 편함. 그리고 바퀴 굴러가는 게 엄청나게 부드러워서 놀랐다(이건 생각도 못 했던 부분). - 아쉬운 점은 의자가 좀 더 올라갔으면 한다. 의자 높이 조절이 애매함. 올릴 수 있는대로 다 올려도 2-3cm 정도가 아쉽다. 좀만 더 올라갔으면 좋겠음. 높이가 애매하다 보니 나도 모르게 몸을 계속 앞으로 기울이게 된다. 그리고이건 개인적으로 궁금한 건데 3단 높이 조절 판은 대체 역할이 뭐지? 원래 이렇게 헐렁한가? 아님 중심봉에 입혀주는 옷 같은 건가…. 마이홈의자 관계자분이 이 글을 보게 된다면 늦게라도 답변 좀 해 주세요. 아, 의자는 맘에 듭니다. 무난한 수준으로 기대하고 있었는데 튼튼함과 편안한 면에선 기대 이상이네요."
15,3,전에도 한번 구매했던 제품이라 믿고 구매했는데 헤드레스트를 빼고 보내주셨네요ㅠ 헤드레스트 어서 보내주세요 전에는 주니온 w타입에 소요추 헤드레스트 구성으로 구매했었어요 확실히 w가 시트가 폭신하네요~ 이번 구입한 주니온 기본타입에 대요추 헤드레스트 구성으로 했는데 대요추는 호불호가 있을 것 같아요 대요추가 있어 허리가 편한것도 있지만 대신 등받이에 등이 잘 안닿아요 닿긴해도 살짝 불편하네요 저처럼 앞쪽으로 살짝 숙여서 공부하는 경우는 오히려 허리를 받쳐줘서 편하구요 평소 본인자세에 맞는걸 고르시면 될 듯해요
15,5,정말 만족하고 사용하고있습니다 지난20년간 앉아왔던 딱딱한 우드소재 의자는 재활용 쓰레기장에 바로 갔습니다 왜 진작에 바꿀생각 못했는지 주니온으로 바꾸고나서 딱 앉는 순간 제 엉덩이와 허리에 너무 무심했구나 미안한 마음이 들었습니다 ㅎ_ㅎ; 합리적인 가격에 제품 퀄리티도 우수하고기능 또한 비싼 제품과 비교해서 손색이 없습니다! 바퀴소리도 조용하고 뒤로 젖힐때도 소음없습니다 베스트셀러 완성형 3026과 3016 팔걸이차이에 금액3000원 차이... 두개 놓고 많이 고민했는데 팔걸이 체감 차이가 그리 크지 않을거 같아 그냥 3016 구매했습니다 '기왕 살거면 좋은거 사자' 주의인데 그렇게 되면 다른 모델 상위옵션 고르게 될거같아 이번에는 적당하게 합리적으로 고민하고 구매했습니다 ㅎ pc방 의자 처럼은 아니지만 그만큼의 편안함을 느끼고 있습니다 배송도 빠르고 조립도 매우 쉽고 컬러 색감도 좋아서 매우 만족하고있습니다
15,5,"일단 받아보니 조립하기 쉽게 낱개 포장이 잘 되어 있었어요. 봐도 어찌 조립해야할지 그림이 나올 정도로. 그런데, 설명서를 보면서부터 좀 헷갈리더군요. 설명서의 이미지와 제가 주문한 제품의 이미지가 딱 매치되지 않아서. 흠. 조립하는데 설명서랑 다르니까끼워맞추는 식으로조립하자니 내내이렇게 하는게 맞나.. 했거든요. 설명서에는 꼭 필요한 설명보다는 누가봐도 그렇게 조립하겠네 하는 수준까지만 설명이 되어있어서 실상 도움이 크게 되지는 않았어요. 조립 후 방에 배치된 의자. 와인색이 제법 멋집니다. 어두워서 잘 안보이긴 하네요. 몇 분이 써놓은 거처럼, 냄새가 제법! 납니다.저녁 때 방문을열었을 때, 우.. 절로 창문을 열게 하는 정도라고 하면 맞겠네요. 며칠 가더군요. 이제는 나지 않지만. 사용후기로는, 허리/자세를 잘 잡아줘서 좋긴한데,뒤로 완전히 젖혀지거나 엉덩이 닿는 부분이 푹신하지는 않아요. 이런 부분을 가족들은 편안하지 않다고 느낀 거 같았어요. 대요추 제품은 뒤로 젖혀지는 정도가 낮은 편이라고 해서 저는 뭐 알고 샀기 때문에~ 제품 상세 페이지를 보니 꽤나 유명한 브랜드, 의자인 듯 하던데, 그런 유명세처럼개인고객 대상, 일반전화상담와 반품처리과정 시 필요한 사항들도 조금 더 친절할 필요가 있다고 느꼈습니다."
15,5,일단 배송은 빠른편이예요~ 입금하고 3일만에 받았구요 처음엔 투박해보이고 무거워보였는데 막상 조립하고나니까 이쁘고 맘에듭니당 ㅋㅋ 목받침이 상하로 움직여서 편하게 기댈수있구요 등받이부분이 매쉬로 되어있어서 땀안차고 쿠션도 편해여 커버가 쉽게 튿어지거나 할것같진 않네여 꽤 꼼꼼하게 제작된듯해요 가격대비 만족해요 잘산것같아여~ 컴퓨터의자의 특성상 장시간 앉아있기 편한게 최고인데 한 10시간 앉아서 겜만해봤는데 엉덩이 배김이나 허리가아프거나 하진 않네여 엉덩이쿠션도 빵빵하고 덮혀있는 가죽도 얇지않아서 오래사용해도 변형은 없을듯해여 재구매의사 ok입니다~ 많이파세여~
15,5,"주문 하루만에박스포장으로 흠없이 무사히 배송 받았습니다. 일단, 산뜻한 색상이 눈에 피로감 마져 없애주네요 ㅋ 동봉해 주신 조립설명서보며 약 5분만에 조립끝냈습니다. 조립 간단하고 쉬워요. 그리고, 무겁지 않아 좋네요. w 쿠션이라엉덩이 살없는 딸래미 아주 좋아하네요. 너무 푹신하면 오히려 허리에 무리갈까 했는데 단단함을 가진 쿠션이라 맘에 듭니다. 등받이는 매쉬소재라 여름에도 좋을것 같습니다. 의자자체, 헤드또한 높낮이 조절 가능하게 되어 있구요. 아쉬운점은대요추가 아닌, 소요추라 그런지 허리부분 완벽히 받쳐주진 못하네요. 요추등받이도 스프링을 넣는다던가해서 앉은사람에 움직임에 따라 앞뒤로 움직여 허리를 받쳐주었으면 하는 바램입니다. 물론 소요추라도 없는것 보단 훨씬 낫습니다 ㅋ 마지막, 고객센터 아주 친절하십니다. 발송후 해피메세지 보내주시고 차후 a/s에 관한 설명 해주십니다. 물품만 보내놓고 질문있어서 전화하면 연결되지 않아 애 끓는 경우 많은데, 바로 연결되네요. W쿠션 헤드로 사서 요추 등받이만 따로 주문했는데 택배비없이 등받이 값만 받고 보내주시고 조립 설명 또한 잘 해주셨습니다. 요 의자 앉아서 울 딸래미 지금 열공중입니다^^ 감사합니다.잘 사용하겠습니다."
15,5,"책상이 유럽제라, 여기에 어울릴만한 의자를 찾다보니, 요추건강에 좋지 않은 디자인뿐이더군요. 예를 들자면, 등받이가 없거나, 있어도 딱딱한.. 단지 디자인을 위한 제품이죠. 그런데 장시간 앉아서 컴퓨터를 하는 저에겐, 폭신하고 편안한 의자가 필요했어요. 그래서 의자가 있음에도 불구하고, 다시 주문을 하게 되었더랬죠^^ 친절한 문의상담글이며, 문자며 너무너무 친절하시네요 판매자님^^ 다시한번 감동이었어요. 일단 오자마자 조립은 너무 쉽게 했어요. 참고로 전 여자입니다. 그냥 뚝딱. 1분도 안걸린것 같네요~^^* 매우 튼튼하구요, 소음도 없어요~1년간 무상으로 a/s해주신다니 더좋네요~ 물론 중간에 고장나는 일은 없겠죠? ^^* 워 낙 조심스럽게 쓰니까 그건 안심해도 될 것 같아요 의자에서 뛰거나 하지 않는한^^;; 아! 그리고 ㅠㅠ 배송중에 생긴 문제였겠지만 조금 실망스러운 부분은 있더랬? 바퀴부분과 의자봉쪽에 모래, 진흙? 비슷한게 잔뜩 묻어 있더라구요 ㅠㅠ.. 그래서 혹시나 누가 썼던 제품을 다시 보낸건 아닐까 하는 생각이 잠시 들었더랬죠.. 그치만, 물티슈로 싹싹 닦고나니, 반짝반짝 빛이나네요,.♥ 마침 방이 파스텔핑크 벽지라, 올핑크로 주문했는데^^ 살짝 찐핑크라서 확 눈에 들어오네요. 이것도 하나의 포인트라면 포인트겠?? ㅎㅎ 무튼 전 매우 만족합니다!~"
15,5,"1주일간 써보니 적당히 뒤로 기울며 등과 허리를 받쳐주는 기능이 일반적인 저렴한 의자와는 다르다고 느껴집니다. 조립도 간단하고 쉬워서 설치도 용이하고, 메쉬소재라 다가올 여름 더위에도 걱정없이 느낌좋게 이용 할 수 있을 듯 합니다. 특히 주로 사용할 우리 아이가 맘에 들어하니 좋은 어린이날 선물이 되었던 것 같습니다. 황학동 가구거리에서 발품팔아 가며 돌아다녔지만 순 바가지 상흔만 역력하였는데, 괜한 고생이었습니다. 시대에 발맞추어 현명하게 살아야 할 것 같습니다. 아무쪼록 판매자의 양심과 구매자와의 소통등 전반적으로 만족스러운 거래였다고 생각됩니다. 제 개인적으로도 온라인 쑈핑에서 보기드문 좋은 거래였다고 자평하고 싶습니다. 의자를 보고간 조카들도 똑같은 의자로 구매한다고 하니 혼자만의 안목은 아니라고 생각됩니다. 그럼 판매자,중계자,구매자 모두 만족하는 시스템을 위하여 파이팅을 외쳐봅니다. 감사합니다.!"
